DATE,1INCH,AAVE,ADA,ALGO,ALPHA,ANT,BAL,BAT,BCH,BNB,BSV,BTC,BTG,COMP,CRO,CRV,CVC,DASH,DCR,DGB,DOGE,DOT,DRGN,ELF,ETC,ETH,FTT,FUN,GAS,GNO,GNT,GRIN,HEDG,HT,ICP,KNC,LINK,LOOM,LPT,LTC,MAID,MANA,MKR,NEO,NXM,OMG,PAX,PAXG,PAY,PERP,POLY,POWR,PPT,QASH,QNT,REN,REP,SAI,SNT,SNX,SRM,SUSHI,SWRV,TRX,UMA,UNI,VTC,WNXM,WTC,XAUT,XEM,XLM,XMR,XRP,XTZ,XVG,YFI,ZEC,ZRX
2018-04-08,23,40,5,0,20,10,0,8,22,3,<1,21,17,7,0,4,31,13,38,12,1,8,63,0,1,8,0,23,15,0,5,0,0,8,1,17,5,0,0,29,63,1,3,19,33,2,0,0,0,0,20,4,17,51,4,0,8,22,29,4,0,0,25,26,0,0,23,0,65,0,11,19,100,6,6,45,0,40,10
2018-04-15,21,36,7,<1,27,5,0,17,33,4,1,19,21,0,0,3,23,14,63,24,1,8,100,0,1,8,0,25,11,0,3,0,0,13,0,17,5,0,0,29,37,<1,2,19,24,0,0,0,0,0,15,12,100,65,0,5,0,14,54,2,0,0,0,30,0,0,32,0,71,0,17,30,77,9,8,100,0,42,8
2018-04-22,24,34,6,<1,18,18,3,14,60,4,<1,18,22,3,0,4,25,18,82,20,1,8,93,0,1,9,0,22,13,21,0,0,0,11,1,36,5,12,0,30,50,2,2,19,11,2,0,0,0,0,9,38,55,84,3,5,12,26,30,5,0,0,0,55,3,0,24,0,97,0,12,27,77,8,9,28,2,49,14
2018-04-29,21,35,6,1,26,17,0,19,34,4,<1,16,16,2,0,6,29,14,40,29,1,7,92,0,2,10,<1,29,15,0,0,1,0,21,0,25,6,44,3,27,30,2,2,22,30,2,0,0,30,0,14,13,67,100,4,3,26,13,32,3,0,0,18,60,0,0,24,0,100,0,20,26,75,7,8,28,0,50,18
2018-05-06,21,36,4,1,14,12,0,8,33,3,1,16,15,5,<1,5,21,12,36,21,1,8,84,0,1,10,1,30,12,0,3,1,12,17,0,17,6,24,0,25,35,1,2,13,0,0,0,0,23,0,34,14,47,62,3,5,100,44,20,2,0,1,33,32,1,0,22,0,68,0,13,16,62,6,8,18,0,43,39
2018-05-13,20,35,4,<1,18,6,0,11,34,3,0,14,13,6,0,8,33,13,78,11,<1,8,58,0,1,8,<1,28,13,0,0,0,10,28,0,19,5,7,0,22,100,1,1,13,0,3,0,0,38,19,48,15,35,51,2,9,34,12,29,4,0,0,23,30,0,<1,17,0,69,0,12,13,56,6,11,14,0,100,28
2018-05-20,22,35,4,1,17,9,0,6,27,3,1,14,19,6,0,4,14,15,58,14,1,9,47,0,1,7,0,28,9,0,9,0,8,23,<1,9,4,0,0,20,92,1,2,11,0,0,0,0,31,16,26,26,12,71,7,5,19,54,17,3,7,<1,0,37,0,0,20,0,66,0,9,12,48,6,9,16,0,63,36
2018-05-27,22,36,4,1,15,7,0,4,22,2,0,12,14,7,0,11,30,10,50,15,<1,8,40,0,1,7,0,18,11,0,0,1,0,20,0,12,4,0,0,20,68,<1,3,11,17,1,0,0,72,0,13,7,31,61,0,0,16,0,17,0,0,0,0,38,0,0,14,0,43,0,7,14,48,6,16,10,0,42,21
2018-06-03,24,31,4,1,19,7,0,5,24,3,<1,13,14,4,0,4,16,11,16,14,<1,7,47,0,1,5,0,24,9,0,0,0,25,30,0,14,4,0,0,17,27,1,1,10,22,1,0,0,58,0,18,10,33,52,0,2,10,12,17,5,0,0,0,25,0,<1,15,0,55,0,9,10,48,6,13,9,0,39,11
2018-06-10,21,35,3,<1,17,0,0,7,22,2,0,16,13,4,0,0,20,10,51,9,<1,7,49,0,5,7,0,20,6,0,5,2,0,15,0,7,5,8,0,23,45,1,0,10,10,0,0,0,37,0,10,3,13,55,0,5,14,0,30,2,0,0,0,23,0,0,13,0,40,0,10,11,40,6,13,7,0,33,15
2018-06-17,19,32,3,<1,17,15,0,12,20,3,0,13,13,7,0,4,14,9,37,10,<1,6,32,0,3,5,0,24,8,0,4,1,16,11,0,9,4,7,0,20,0,1,0,7,23,0,0,0,62,0,16,5,39,51,0,4,22,0,16,0,0,1,0,25,0,0,12,0,23,0,9,5,39,5,16,6,0,36,15
2018-06-24,21,34,3,1,18,10,0,4,19,2,1,14,13,7,0,0,24,8,32,14,<1,8,48,0,2,5,0,21,7,0,0,1,0,7,0,15,4,22,0,24,21,1,0,10,12,0,0,0,0,11,12,12,19,42,0,3,9,18,19,4,4,0,19,26,3,0,13,0,18,0,11,7,40,5,16,6,0,42,8
2018-07-01,22,33,4,1,25,8,3,8,17,3,0,13,16,8,0,0,13,9,46,7,<1,7,61,0,2,5,0,19,11,0,0,0,13,11,0,9,4,0,0,16,23,1,0,11,28,0,0,0,0,12,14,6,22,47,6,4,0,8,35,2,0,0,38,21,2,0,16,0,32,0,7,9,33,5,34,6,0,36,21
2018-07-08,23,32,4,1,18,12,0,12,18,2,<1,12,13,4,0,0,13,9,15,27,<1,7,27,0,2,5,0,21,8,0,3,2,0,12,0,5,4,0,0,17,0,1,1,9,26,2,0,0,57,10,3,8,0,38,0,3,28,28,25,4,0,0,0,18,3,<1,8,0,42,0,5,9,36,5,26,5,0,38,8
2018-07-15,22,30,4,1,15,20,0,13,22,2,<1,14,15,2,0,8,12,12,0,19,1,7,38,0,2,5,0,30,4,0,0,0,0,10,1,10,4,0,0,20,20,2,0,10,0,0,0,0,0,0,0,12,15,34,0,0,21,44,14,5,0,1,25,20,0,<1,10,0,28,0,6,18,34,6,17,6,0,39,18
2018-07-22,21,33,4,1,17,10,0,11,22,2,1,15,16,9,0,0,15,10,31,16,1,8,42,0,2,5,0,22,6,0,0,0,9,11,0,12,5,0,0,19,23,1,3,9,12,0,0,0,0,0,9,0,0,32,0,7,33,29,19,2,7,0,0,21,1,0,24,0,41,0,7,17,37,6,17,6,1,41,31
2018-07-29,22,33,4,0,15,12,3,4,21,2,0,14,12,2,0,6,29,11,37,12,1,8,32,0,2,5,0,27,7,12,4,0,0,11,0,10,5,8,0,17,0,1,0,7,0,2,0,0,0,0,20,11,15,29,0,6,23,27,24,0,0,0,0,20,0,<1,12,0,53,0,9,10,36,6,13,6,0,31,10
2018-08-05,24,31,3,<1,18,8,0,7,21,1,0,14,14,4,0,0,23,10,18,5,1,7,30,0,7,6,0,25,7,0,4,0,15,5,0,4,4,0,0,21,11,1,2,12,41,0,0,0,0,0,10,6,0,50,0,0,11,0,13,4,0,0,0,17,1,0,11,0,34,0,5,15,32,7,11,5,0,31,12
2018-08-12,21,31,3,1,9,9,0,7,23,1,1,14,16,0,0,9,16,10,0,0,<1,7,31,0,8,8,0,24,7,0,4,0,10,0,0,11,4,0,0,21,19,<1,1,12,28,2,0,0,33,51,15,4,13,40,0,0,17,0,25,6,6,0,0,19,0,0,14,0,46,0,5,13,34,6,10,4,0,36,11
2018-08-19,22,33,3,<1,9,0,0,3,19,1,1,12,13,6,<1,0,18,11,0,5,<1,7,22,0,5,5,1,26,10,0,0,0,0,9,0,6,4,0,0,17,0,1,0,8,15,2,0,0,0,0,9,4,28,49,3,4,16,30,10,2,0,0,0,18,0,<1,12,0,46,0,5,8,32,6,8,4,1,27,5
2018-08-26,23,35,3,<1,21,0,0,6,21,2,0,12,13,2,0,4,13,16,36,13,1,7,25,0,3,4,0,21,11,16,3,0,13,7,0,7,4,12,0,17,30,5,1,10,17,4,0,0,23,12,8,6,0,59,0,0,8,20,14,4,0,0,0,19,0,0,10,0,48,0,6,9,43,5,9,4,0,29,7
2018-09-02,23,39,4,1,18,0,0,7,22,1,1,14,13,5,0,0,23,15,45,6,2,6,47,0,3,6,0,26,8,0,4,1,0,6,0,7,3,0,0,19,21,2,0,8,37,0,0,0,25,0,8,7,0,58,5,0,20,19,17,2,0,0,0,15,0,0,7,0,33,0,9,11,53,5,8,5,0,30,4
2018-09-09,22,49,4,<1,22,0,0,0,19,1,1,12,12,5,<1,6,18,13,32,5,1,6,28,0,2,7,0,23,8,0,4,1,0,4,0,5,4,0,0,16,19,1,2,5,13,1,0,0,33,0,0,13,12,51,0,6,6,10,7,0,0,<1,23,12,0,0,7,0,31,0,5,8,40,5,12,3,1,31,11
2018-09-16,22,50,4,<1,17,4,0,4,20,1,0,12,10,7,0,10,19,9,0,7,1,6,34,0,2,5,1,26,7,0,7,2,8,5,0,8,4,11,0,16,0,1,4,5,0,1,0,0,16,0,0,24,40,46,4,2,4,15,20,0,0,<1,0,13,0,0,9,0,25,0,8,7,33,16,15,5,0,29,11
2018-09-23,22,55,4,<1,4,10,5,5,23,1,0,11,11,3,<1,5,17,9,34,4,1,6,35,0,2,4,1,18,12,0,0,0,0,5,0,6,4,8,0,16,34,1,1,6,0,2,0,0,0,0,8,3,21,34,6,0,0,19,15,4,0,0,0,13,0,0,10,0,21,0,10,10,33,15,9,2,1,32,4
2018-09-30,21,57,3,<1,21,3,3,4,16,1,1,10,10,4,0,12,23,7,18,0,1,6,17,0,2,4,0,27,7,27,3,2,0,7,0,4,3,0,5,13,0,1,2,5,27,0,0,0,0,21,8,4,0,31,0,0,14,15,23,6,0,0,0,13,1,0,7,0,20,0,6,6,32,12,8,4,0,24,8
2018-10-07,21,59,3,1,15,0,0,5,16,1,1,11,13,2,0,11,22,8,0,2,<1,6,14,0,2,4,1,23,6,0,3,1,0,3,0,10,3,0,0,13,0,1,3,4,38,1,0,0,0,29,9,10,23,38,7,2,0,20,17,2,0,1,0,17,0,0,9,0,20,0,6,6,30,8,6,4,0,25,26
2018-10-14,22,59,3,1,13,0,0,17,17,1,<1,10,12,3,0,7,0,8,28,5,1,6,21,0,1,4,0,26,6,0,4,3,0,5,<1,14,3,0,3,13,0,1,1,5,11,3,0,0,0,9,0,10,0,26,3,4,9,19,17,0,8,1,0,15,0,0,6,0,17,0,5,5,40,8,15,3,0,22,100
2018-10-21,21,53,3,1,18,14,0,16,15,1,0,9,10,4,0,0,14,5,100,3,<1,6,17,0,1,3,0,27,8,15,6,0,0,0,1,5,4,0,0,11,0,1,2,6,12,4,0,0,0,0,0,8,9,29,7,0,11,15,16,2,0,0,0,13,0,0,9,0,21,0,6,4,38,7,9,3,1,24,43
2018-10-28,21,60,3,<1,15,3,4,21,21,1,1,10,9,4,<1,0,19,8,0,0,<1,6,20,0,1,4,0,25,7,0,4,5,0,6,0,0,5,16,0,12,0,1,4,5,10,3,0,0,0,0,13,6,58,25,7,0,8,31,20,0,0,0,0,10,0,0,9,0,21,0,8,6,28,7,7,2,0,27,51
2018-11-04,20,55,3,<1,20,0,0,35,43,1,6,10,10,5,0,10,17,9,18,12,<1,7,16,0,2,4,<1,20,7,16,6,0,0,6,<1,6,5,13,0,13,17,1,1,7,17,0,0,0,0,0,5,12,0,35,3,5,0,21,21,2,0,<1,0,11,0,<1,5,0,29,0,5,10,30,11,7,3,2,26,28
2018-11-11,24,58,3,<1,17,0,0,27,75,1,42,12,10,4,0,4,13,7,24,2,<1,7,17,0,1,4,0,25,6,0,0,2,0,0,0,5,5,0,0,13,13,2,2,5,0,2,0,0,0,12,5,0,0,36,0,0,5,0,19,2,0,0,0,11,0,<1,6,0,19,0,13,10,28,10,6,3,0,24,20
2018-11-18,20,59,3,<1,14,14,5,13,45,1,34,18,13,2,0,6,14,8,17,4,<1,7,23,0,2,5,0,19,8,20,3,3,9,8,0,8,4,14,4,16,0,1,2,6,26,2,0,0,0,0,2,13,0,28,3,2,8,0,17,6,0,0,0,11,0,<1,6,0,26,0,2,10,28,11,6,3,0,23,10
2018-11-25,20,56,3,<1,17,6,0,18,32,1,61,18,15,5,0,12,10,9,34,4,<1,7,25,0,1,5,0,19,9,0,4,3,0,0,0,12,4,7,0,16,0,1,1,6,8,0,0,0,0,12,7,16,28,26,3,0,9,18,16,2,5,0,16,12,1,<1,6,0,17,0,4,8,28,9,7,4,0,28,43
2018-12-02,22,56,3,<1,14,14,2,13,26,1,48,15,14,3,0,0,18,11,22,7,<1,6,25,0,2,4,0,18,6,0,0,2,0,3,1,3,4,0,0,14,0,1,2,6,30,0,0,0,0,0,4,0,0,27,0,18,0,0,10,3,0,1,0,10,2,<1,11,0,18,0,6,11,26,7,7,2,0,25,4
2018-12-09,24,55,3,1,2,16,0,10,20,1,20,14,13,5,0,0,20,9,40,3,<1,6,34,0,1,4,1,25,5,0,4,4,0,3,0,5,3,10,0,14,12,2,2,4,0,0,0,0,28,0,3,0,12,31,0,8,7,17,20,2,0,0,0,10,0,0,7,0,15,0,4,7,23,8,5,2,0,20,11
2018-12-16,21,61,4,<1,13,0,0,8,40,1,22,15,14,0,0,4,12,8,19,6,1,6,25,0,1,4,0,20,10,0,0,2,0,6,0,8,3,0,0,17,0,1,2,5,25,2,0,0,0,0,10,0,0,38,0,0,6,0,13,0,0,<1,0,14,0,<1,7,0,19,0,2,6,24,9,4,3,1,22,17
2018-12-23,19,65,3,<1,12,5,3,6,26,1,13,13,15,6,0,0,15,8,33,0,<1,6,21,0,1,5,0,24,9,0,4,0,0,7,0,2,3,0,0,15,34,1,2,6,23,0,0,0,39,0,4,0,0,38,4,3,9,0,20,0,0,0,0,13,0,<1,9,0,23,0,3,5,25,8,4,2,1,20,19
2018-12-30,21,56,3,<1,14,6,0,8,21,1,10,11,12,6,<1,4,18,8,19,3,<1,6,25,0,1,5,1,22,9,0,0,4,0,0,0,0,4,0,0,14,0,1,0,6,32,1,0,0,0,0,7,0,0,42,3,0,0,16,14,4,0,0,0,11,0,0,6,0,22,0,4,5,29,7,4,2,0,17,12
2019-01-06,22,53,4,1,15,0,2,6,19,1,10,11,12,5,0,6,23,9,0,4,<1,6,36,0,3,5,<1,26,7,0,0,22,0,3,0,4,4,0,0,18,14,1,2,7,32,2,0,0,0,12,4,0,0,42,4,3,0,11,22,3,0,0,23,21,0,0,5,0,14,0,2,5,42,7,5,4,1,17,15
2019-01-13,22,53,3,1,17,3,0,9,15,1,6,11,10,2,0,7,16,7,16,0,<1,6,28,0,1,4,0,25,8,25,12,100,0,0,0,8,6,0,0,12,13,1,3,5,0,0,0,0,0,0,6,5,0,35,5,3,19,10,14,6,0,<1,0,15,1,<1,5,0,20,0,5,6,25,6,4,2,0,16,19
2019-01-20,22,63,3,1,15,0,0,7,15,1,6,9,9,5,0,10,8,8,19,8,<1,6,21,0,1,3,0,18,7,0,4,82,10,8,0,6,4,6,0,12,0,<1,1,4,0,0,0,0,78,9,0,0,11,35,7,2,7,0,25,4,0,0,0,13,0,0,6,0,13,0,4,5,22,5,4,2,0,15,7
2019-01-27,22,53,3,1,28,4,3,6,16,1,6,9,11,4,1,8,12,6,0,4,<1,7,30,0,1,3,0,19,10,0,5,80,0,3,0,7,3,0,0,11,0,<1,1,4,8,0,0,0,0,0,5,10,8,32,2,0,0,0,18,0,0,0,0,15,0,0,7,0,17,0,7,6,21,6,4,2,1,14,11
2019-02-03,21,55,3,1,16,7,0,13,14,1,9,10,10,3,<1,4,20,7,0,6,<1,6,16,0,1,3,0,24,8,0,0,24,0,3,0,8,4,0,0,18,0,<1,0,4,13,0,0,0,0,0,2,11,0,26,7,2,11,0,27,4,0,0,0,11,0,<1,11,0,15,0,4,5,22,5,4,1,2,15,3
2019-02-10,22,55,3,1,17,5,4,11,15,1,9,10,8,6,0,6,16,7,16,5,<1,7,10,0,1,3,0,19,7,0,4,30,0,0,0,0,4,7,6,17,0,1,3,4,20,3,0,0,0,0,0,0,0,35,5,2,8,0,16,2,0,0,0,11,0,<1,8,0,11,0,4,5,22,5,6,2,0,15,0
2019-02-17,21,58,3,<1,14,0,3,10,16,1,11,11,11,5,0,4,6,8,0,6,<1,7,29,0,1,4,1,25,10,0,0,22,0,0,0,5,4,16,0,19,42,<1,4,5,31,1,0,0,0,0,7,8,17,54,0,0,9,13,24,8,0,0,0,9,0,<1,15,0,13,0,6,9,23,7,4,1,1,19,20
2019-02-24,22,50,3,<1,10,5,6,26,16,2,9,9,10,5,<1,11,7,7,0,2,<1,6,21,0,1,4,0,16,6,0,3,14,12,0,0,5,4,8,0,16,17,1,2,4,25,0,0,0,17,0,4,0,0,37,4,2,0,16,16,6,0,0,0,8,3,<1,5,0,17,0,3,6,23,8,4,2,0,16,0
2019-03-03,23,62,3,0,10,7,0,16,16,3,6,9,8,4,0,0,12,6,0,9,<1,6,19,0,1,3,0,18,8,0,5,14,0,4,<1,14,4,0,0,20,22,1,2,4,8,0,0,0,17,0,4,7,0,30,2,3,0,0,7,4,0,<1,0,8,1,<1,6,0,14,0,5,6,26,6,4,1,1,16,6
2019-03-10,25,62,4,<1,17,0,3,15,15,2,6,9,8,4,1,0,21,7,13,8,<1,6,24,0,1,3,<1,24,5,0,3,12,0,9,0,10,4,0,0,16,26,1,3,4,45,0,0,0,0,0,6,8,0,38,3,2,4,11,25,4,0,0,0,8,1,<1,7,0,13,0,4,9,27,5,6,2,1,14,8
2019-03-17,23,63,4,<1,13,4,0,8,17,2,6,9,9,0,<1,10,17,6,0,11,<1,7,16,0,1,3,0,21,4,0,6,7,0,14,0,4,5,0,0,16,0,<1,5,4,20,0,0,0,0,30,4,0,0,44,2,0,8,19,9,3,4,0,0,7,0,<1,8,0,21,0,6,9,24,5,11,2,0,17,0
2019-03-24,22,58,5,<1,16,7,0,29,15,2,5,9,8,11,1,0,18,7,19,8,<1,6,19,0,1,3,0,17,6,0,2,10,9,7,0,8,4,0,0,14,11,1,4,4,47,1,0,0,0,0,6,0,21,36,3,3,0,13,14,0,0,0,0,9,0,<1,7,0,24,0,2,8,19,5,11,1,0,16,13
2019-03-31,21,61,6,1,17,4,0,17,34,2,11,16,12,6,<1,3,12,10,15,11,1,7,20,0,1,4,0,16,8,14,3,8,0,6,0,4,5,7,0,28,19,1,2,6,35,0,0,0,0,0,4,15,0,44,10,4,0,13,21,2,0,0,0,11,1,<1,6,0,34,0,4,10,23,8,16,5,0,19,14
2019-04-07,23,61,4,1,8,11,0,13,24,2,7,13,10,8,<1,4,6,6,18,11,1,7,21,0,3,4,0,20,6,0,3,8,0,0,0,7,5,0,0,21,0,1,6,6,14,2,0,0,0,0,6,8,14,27,0,3,9,0,24,2,0,0,23,11,2,<1,4,0,17,0,6,7,22,6,8,3,0,20,10
2019-04-14,23,59,4,1,18,6,0,27,26,3,56,11,10,2,0,7,11,6,0,3,<1,7,4,0,1,3,0,21,7,0,9,9,0,5,0,4,5,0,3,16,0,<1,3,4,0,0,0,0,0,0,0,0,25,29,0,3,31,0,7,6,7,1,0,8,0,<1,1,0,28,0,0,7,21,6,15,2,0,18,0
2019-04-21,20,56,3,1,12,4,0,46,20,3,13,12,8,3,<1,8,13,6,13,0,<1,6,24,0,1,3,1,20,5,0,4,4,0,13,0,0,5,0,4,15,0,1,4,4,0,0,0,0,26,20,3,0,11,33,2,2,9,0,22,0,6,0,0,7,0,<1,5,0,22,0,4,6,20,6,11,3,2,15,12
2019-04-28,21,55,3,1,8,8,7,16,22,2,9,11,9,6,0,0,8,7,0,5,<1,7,11,0,1,3,0,20,7,0,5,7,0,0,<1,6,4,0,0,15,15,1,2,3,29,0,0,0,39,0,2,0,13,29,7,2,15,21,18,2,0,0,0,8,0,<1,6,0,14,0,2,8,22,6,8,2,1,18,11
2019-05-05,19,51,3,1,12,16,0,26,23,2,9,15,11,2,0,8,11,5,0,6,<1,7,17,0,1,4,0,16,7,29,0,10,0,11,0,5,6,0,3,17,0,1,6,4,27,0,0,0,20,0,3,7,8,33,0,3,0,0,16,1,0,<1,34,8,0,<1,3,0,18,0,2,6,22,6,9,2,0,16,12
2019-05-12,23,48,5,1,11,7,0,19,38,3,7,24,17,0,<1,0,15,7,64,5,1,7,29,0,2,8,0,20,8,0,3,7,19,3,0,11,9,0,12,27,0,1,2,8,26,0,0,0,0,17,6,4,10,39,0,4,14,0,24,0,0,0,0,12,0,<1,8,0,28,0,8,13,27,14,13,4,0,21,13
2019-05-19,20,42,4,1,11,0,0,16,29,4,42,17,12,5,<1,10,16,9,11,10,<1,6,19,0,1,5,0,20,8,0,0,12,0,10,0,10,11,0,0,21,25,1,1,6,20,2,0,0,55,9,4,10,0,23,5,0,12,23,24,7,0,0,0,9,0,<1,5,0,21,0,6,10,25,8,9,4,3,19,3
2019-05-26,20,45,4,1,10,16,0,16,30,4,77,19,13,6,<1,13,10,7,24,2,1,6,32,0,2,5,<1,20,7,17,4,6,26,7,1,5,10,0,4,32,25,1,3,7,16,1,0,0,0,0,3,5,21,34,6,2,17,0,20,5,0,0,0,15,0,<1,5,0,33,0,0,12,28,11,9,3,0,22,10
2019-06-02,19,43,4,1,5,0,4,9,24,2,42,16,14,3,0,0,4,7,31,6,<1,5,19,0,2,4,1,22,8,0,4,8,9,5,0,11,7,8,0,23,0,1,3,5,20,3,0,0,22,19,0,0,0,31,8,0,6,20,25,6,0,<1,30,14,1,<1,5,0,16,0,9,7,24,8,7,3,0,19,0
2019-06-09,22,43,3,2,13,4,0,11,23,3,19,14,12,0,<1,7,12,9,0,4,<1,6,23,0,1,4,1,14,9,0,3,14,11,9,0,6,14,7,0,39,21,<1,3,6,15,0,0,0,35,0,2,0,9,34,3,0,8,52,17,4,3,0,0,9,0,<1,9,0,16,0,4,5,23,7,8,3,0,18,7
2019-06-16,20,46,4,8,13,5,0,9,28,3,21,22,21,5,<1,0,13,10,22,4,<1,6,17,0,1,6,1,20,13,25,8,22,0,3,1,2,14,0,0,33,15,1,3,10,53,2,0,0,47,0,0,5,0,41,6,6,10,8,19,2,0,1,15,9,0,<1,11,0,29,0,3,12,29,11,10,3,1,33,9
2019-06-23,22,44,4,6,9,8,0,13,33,3,24,36,34,3,<1,3,11,8,35,8,1,7,27,0,2,8,0,23,10,0,15,20,0,6,0,5,33,0,0,32,12,1,2,13,20,0,0,0,26,23,3,0,0,28,10,0,21,14,14,3,3,0,38,13,4,<1,10,0,27,0,10,10,37,12,9,5,1,27,12
2019-06-30,22,44,3,3,10,0,0,13,24,2,12,22,22,4,0,5,12,7,31,0,1,6,39,0,1,6,<1,18,7,0,0,7,0,4,1,7,30,0,0,27,0,1,3,6,40,2,0,0,0,0,4,5,17,33,15,19,4,10,29,3,0,0,0,7,1,<1,7,0,38,0,5,7,28,7,12,3,0,20,11
2019-07-07,22,41,3,3,19,8,0,15,23,2,12,21,19,3,<1,11,11,5,15,7,1,7,28,0,1,12,<1,20,6,22,11,13,10,10,0,5,18,12,0,25,19,1,3,6,0,0,0,0,0,0,5,0,22,29,18,10,10,10,12,6,0,0,28,9,0,<1,7,0,41,0,3,5,28,7,11,2,0,19,9
2019-07-14,24,45,3,2,12,8,5,11,23,2,13,20,16,4,<1,6,10,6,0,5,<1,7,18,0,1,16,0,16,7,0,0,12,0,0,0,7,12,0,0,26,27,1,2,5,50,0,0,0,0,0,0,0,19,30,9,5,6,0,13,8,0,<1,0,6,0,<1,5,0,18,0,5,6,25,7,7,2,0,27,4
2019-07-21,25,40,2,2,11,3,0,12,20,1,11,17,16,4,<1,0,14,9,0,2,<1,7,27,0,1,3,0,17,9,0,4,4,0,9,0,7,10,0,0,20,38,1,0,3,36,3,0,0,41,0,5,0,14,26,4,22,0,0,7,6,0,0,0,7,0,<1,5,0,11,0,3,3,21,5,6,1,1,15,4
2019-07-28,24,38,2,2,11,0,0,9,20,1,7,16,17,4,<1,7,8,5,0,2,<1,6,40,0,1,3,0,18,7,0,9,6,11,7,0,5,11,0,0,23,15,1,3,4,27,0,0,0,0,0,6,3,0,27,5,11,0,14,16,6,0,0,100,5,0,<1,4,0,11,0,4,4,20,5,13,1,0,17,0
2019-08-04,25,39,3,3,12,0,0,7,22,2,6,18,23,4,0,6,9,5,30,2,<1,6,11,0,1,3,0,16,7,0,2,8,0,8,0,0,9,8,0,25,0,<1,2,5,23,0,0,0,0,0,9,0,15,40,4,12,0,15,10,6,3,0,0,6,0,<1,5,0,7,0,4,4,25,6,21,2,0,18,4
2019-08-11,21,39,2,3,8,0,3,8,21,2,7,17,25,8,<1,20,18,5,0,4,<1,6,5,0,1,3,0,18,5,0,11,5,19,7,1,3,10,0,0,20,0,<1,1,4,29,0,0,0,0,0,6,0,0,55,4,2,13,13,19,4,0,0,18,5,2,<1,4,0,16,0,2,5,22,5,10,1,0,21,0
2019-08-18,26,34,2,2,13,6,0,9,20,1,6,15,20,4,0,7,24,6,0,2,<1,6,15,0,2,3,0,17,5,0,5,7,0,4,0,5,10,0,0,16,11,1,0,3,28,2,0,0,0,0,0,12,0,43,4,6,0,18,21,5,7,<1,0,4,0,<1,5,0,10,0,2,4,21,6,8,1,0,14,0
2019-08-25,23,30,2,2,7,6,0,9,18,1,6,15,21,7,<1,3,18,5,22,4,<1,6,20,0,1,3,0,23,12,0,5,5,0,9,<1,5,9,0,0,16,0,<1,2,4,26,0,0,0,34,0,0,0,0,43,9,4,7,11,12,8,0,<1,52,5,0,<1,4,0,8,0,1,5,23,5,9,1,0,12,3
2019-09-01,24,28,3,2,14,9,0,6,18,1,6,14,20,0,0,5,13,7,14,5,<1,6,19,0,1,3,0,15,7,0,0,4,15,11,0,6,8,5,0,14,0,1,3,4,16,0,0,0,0,0,0,0,9,36,0,2,15,0,16,6,11,1,0,4,1,<1,3,0,7,0,2,3,21,5,7,1,0,14,0
2019-09-08,24,28,3,2,13,8,3,5,16,1,6,13,15,3,1,8,9,7,0,6,<1,6,17,0,1,3,<1,20,7,0,0,6,27,6,0,4,8,0,0,14,29,1,1,3,37,1,0,0,0,0,0,4,20,34,11,2,12,9,16,2,0,0,0,4,0,<1,4,0,10,0,3,3,21,5,7,1,0,13,0
2019-09-15,30,27,3,2,14,0,0,9,18,1,7,12,15,3,<1,3,23,6,11,3,<1,6,17,0,1,4,<1,19,6,0,4,6,0,0,0,11,9,5,0,14,0,1,1,3,32,1,0,0,0,21,3,0,19,25,5,3,5,0,33,6,4,0,25,4,0,<1,3,0,9,0,5,7,22,7,6,2,0,14,11
2019-09-22,26,25,3,1,25,0,0,3,18,1,5,15,15,2,<1,3,16,8,0,1,<1,6,19,0,1,3,0,17,7,0,5,6,26,6,0,7,9,11,0,15,29,1,1,3,33,0,0,0,48,0,7,0,0,28,6,2,10,8,14,8,0,0,0,4,0,<1,2,0,9,0,1,4,22,5,8,1,0,15,9
2019-09-29,22,25,3,2,12,0,0,8,17,1,6,13,14,4,<1,11,7,8,0,8,<1,5,12,0,1,3,0,19,7,0,9,4,7,0,0,3,8,0,0,12,0,<1,1,3,14,0,0,0,0,0,0,3,9,34,0,1,0,29,22,5,0,0,0,4,0,<1,3,0,14,0,3,5,18,5,6,1,0,12,0
2019-10-06,24,28,3,1,15,0,5,9,15,1,5,12,12,3,<1,4,18,6,0,2,<1,6,10,0,1,3,0,18,6,20,3,4,0,6,0,7,16,0,0,11,22,<1,2,4,38,0,0,0,0,0,2,0,0,28,0,6,7,11,11,6,0,<1,0,4,0,<1,2,0,8,0,4,3,20,6,5,1,0,11,5
2019-10-13,24,29,3,2,13,15,0,11,14,1,4,11,13,4,0,7,12,6,0,7,<1,6,17,0,<1,3,0,18,9,18,6,4,15,0,0,5,9,6,0,11,0,<1,1,4,36,0,0,0,0,12,0,4,0,21,3,4,0,0,27,8,0,0,0,3,0,<1,3,0,14,0,0,3,22,6,6,1,0,12,7
2019-10-20,22,28,2,2,16,6,0,11,17,1,10,14,12,3,<1,16,4,4,0,0,<1,6,11,0,1,3,0,21,7,0,4,8,0,5,0,5,11,8,0,12,0,1,0,4,0,0,0,0,0,10,0,0,0,31,3,2,0,16,28,12,0,0,0,4,0,<1,0,0,12,0,3,3,21,6,7,1,0,11,4
2019-10-27,22,30,2,2,11,8,0,9,19,1,6,14,14,5,0,12,17,6,0,6,<1,5,10,0,1,3,0,19,7,18,0,8,11,4,0,5,9,0,0,12,0,<1,3,9,25,0,0,0,18,0,0,16,0,29,7,3,0,15,20,6,6,0,14,7,2,<1,2,0,25,0,2,4,22,6,6,1,0,12,3
2019-11-03,22,27,2,2,12,0,9,7,19,1,4,12,14,0,<1,0,10,5,22,4,<1,5,0,0,1,3,0,21,6,0,4,4,0,2,1,9,7,0,0,12,0,<1,3,3,14,2,0,0,80,0,14,0,0,28,4,1,7,0,22,6,0,1,0,4,0,<1,5,0,11,0,4,6,22,6,17,1,0,11,12
2019-11-10,24,30,3,1,9,6,0,12,18,1,4,11,11,0,<1,4,11,7,0,6,<1,6,6,0,<1,3,0,18,6,0,8,18,13,6,0,0,11,0,0,11,0,<1,3,7,17,0,0,0,0,12,3,0,9,29,0,3,0,0,13,11,0,<1,0,5,0,<1,5,0,11,0,6,6,22,5,12,3,2,13,11
2019-11-17,25,26,3,1,16,17,0,10,19,1,7,13,13,4,1,7,14,7,0,4,<1,6,15,0,1,3,0,19,7,0,8,13,0,2,0,10,9,0,0,12,19,<1,3,5,30,2,0,0,27,0,0,0,0,30,3,0,0,30,22,15,0,0,0,4,1,<1,4,0,10,0,7,4,22,5,14,2,0,14,5
2019-11-24,21,24,3,2,14,7,0,6,19,1,6,13,14,8,<1,3,14,4,18,2,<1,5,13,0,1,3,0,14,8,0,5,9,0,0,0,13,7,9,0,11,0,<1,2,3,29,0,0,0,0,0,4,4,0,24,5,4,0,0,15,10,4,0,27,4,0,<1,4,0,7,0,2,3,26,5,14,2,0,12,10
2019-12-01,26,25,3,1,11,6,0,8,15,1,5,11,12,6,<1,7,9,6,12,2,<1,5,6,0,1,3,0,17,9,0,5,5,0,0,0,8,7,10,0,10,22,1,3,4,31,0,0,0,0,0,0,5,20,22,0,2,6,13,12,9,0,<1,0,4,0,<1,5,0,11,0,4,4,25,5,12,1,0,11,3
2019-12-08,23,25,2,1,13,12,0,6,14,1,5,11,12,0,<1,7,7,7,27,2,<1,5,8,0,1,3,1,18,5,0,0,6,11,0,<1,5,7,5,5,9,0,<1,3,2,21,0,0,0,0,0,0,0,0,21,7,0,0,13,16,8,0,0,0,4,0,<1,4,0,6,0,2,2,20,4,29,2,0,15,3
2019-12-15,22,20,3,1,9,0,0,6,15,1,5,12,12,6,<1,17,12,6,0,2,<1,6,5,0,1,3,1,18,7,0,0,6,12,8,0,5,7,0,0,12,0,<1,3,2,39,0,0,0,0,0,0,0,0,23,9,7,0,29,28,11,0,0,13,3,1,<1,2,0,6,0,4,5,24,6,17,1,0,11,9
2019-12-22,22,27,2,1,16,6,7,8,19,1,4,11,13,0,<1,3,15,8,0,4,<1,6,0,0,1,3,1,16,8,0,3,2,32,6,1,3,5,15,0,12,0,<1,1,3,57,2,0,0,0,0,0,0,0,28,2,2,5,13,16,6,0,0,0,4,0,<1,5,0,18,0,2,4,20,5,11,1,1,11,7
2019-12-29,20,27,2,1,14,7,0,9,20,1,8,11,16,0,<1,7,4,6,0,2,<1,6,9,0,1,3,0,17,5,0,3,5,0,0,0,2,6,0,0,12,0,<1,2,4,22,0,0,0,20,0,6,0,0,22,0,2,4,0,24,8,0,0,48,4,0,<1,6,0,17,0,4,4,22,5,13,1,0,12,8
2020-01-05,24,22,3,1,9,7,0,9,22,1,16,14,22,3,<1,7,7,10,35,0,<1,7,13,0,1,4,0,22,7,0,2,7,0,5,0,6,8,12,0,13,0,<1,0,3,14,2,0,0,0,17,0,7,0,26,0,4,0,0,15,12,0,0,41,4,0,<1,3,0,14,0,2,5,25,6,11,1,0,11,4
2020-01-12,24,22,3,1,12,7,3,11,28,1,100,14,20,3,<1,4,13,25,0,2,<1,5,5,0,3,4,0,20,8,0,0,11,10,8,1,10,11,0,0,16,17,<1,3,4,27,0,0,0,0,0,0,0,8,18,7,14,15,16,30,8,0,0,0,5,0,<1,5,0,20,0,6,3,22,7,11,1,0,18,5
2020-01-19,23,21,3,2,12,3,0,8,22,1,31,12,15,4,0,11,19,14,16,3,<1,6,12,0,2,3,0,15,5,0,3,5,9,6,0,6,8,0,0,13,14,1,4,3,22,2,0,0,46,0,0,3,0,21,2,5,0,14,16,7,0,0,0,3,0,<1,5,0,19,0,4,4,22,6,15,1,1,14,5
2020-01-26,21,21,4,2,14,0,0,8,25,1,19,13,19,3,1,4,12,13,0,8,<1,6,14,0,2,4,0,20,7,0,0,7,17,9,0,4,8,7,0,17,29,<1,4,3,28,0,0,0,0,0,2,5,12,27,0,0,5,10,12,10,0,<1,0,4,0,<1,6,0,10,0,5,5,21,6,13,2,0,15,0
2020-02-02,25,20,4,2,15,15,0,10,26,2,23,14,14,6,0,3,16,12,0,0,<1,6,15,0,2,6,0,18,8,0,0,5,0,0,0,8,11,0,4,18,12,1,2,5,21,2,0,0,19,0,0,0,0,17,2,7,7,0,17,11,0,0,0,6,0,1,5,0,14,0,5,5,23,10,29,1,1,14,0
2020-02-09,22,24,4,3,9,0,0,17,26,2,23,17,15,7,<1,5,15,9,13,5,<1,6,15,0,2,8,<1,17,10,19,0,8,0,11,0,13,20,7,0,19,18,2,4,6,11,1,0,0,0,0,6,0,18,31,7,4,0,0,27,9,0,0,0,7,1,1,5,0,19,0,8,8,26,12,61,1,0,13,10
2020-02-16,23,24,3,3,15,8,0,12,25,1,12,14,17,0,<1,4,16,9,15,4,<1,6,21,0,1,7,0,17,11,0,5,7,22,12,0,19,18,5,0,16,0,4,2,5,36,0,0,0,31,0,7,4,0,19,3,3,7,18,26,11,0,0,0,4,2,1,6,0,11,0,7,4,23,9,44,2,0,16,0
2020-02-23,25,24,3,3,12,14,3,9,23,1,9,16,31,5,0,5,14,10,0,0,<1,6,8,0,1,5,0,14,8,8,13,3,0,16,0,35,14,0,0,14,16,3,4,3,35,1,0,0,0,0,4,6,0,22,4,0,0,18,17,9,0,1,0,3,0,<1,3,0,7,0,2,3,20,6,28,1,0,12,8
2020-03-01,24,22,3,3,14,5,4,7,19,1,9,13,22,7,<1,4,10,6,0,0,<1,6,3,0,1,4,0,16,6,20,3,4,16,6,1,84,17,0,0,12,0,1,1,3,25,3,0,0,15,36,0,0,9,28,4,4,0,10,18,12,0,0,0,3,0,<1,2,0,6,0,3,4,19,5,23,1,0,9,3
2020-03-08,21,22,3,2,15,5,0,10,26,1,10,24,58,6,0,9,11,8,29,5,<1,5,8,0,1,6,1,24,8,0,0,4,0,10,<1,38,15,6,0,18,0,1,5,4,56,0,0,0,48,0,2,3,10,19,3,4,0,0,19,10,0,0,21,3,0,<1,3,0,11,0,1,5,22,7,21,1,1,11,3
2020-03-15,21,24,3,2,7,0,0,8,29,1,9,26,66,4,0,7,13,13,0,0,<1,5,14,0,1,6,<1,20,7,0,0,4,17,0,0,29,12,8,0,18,14,1,2,3,18,1,0,0,0,0,0,0,0,23,2,3,0,13,22,7,0,0,0,3,0,<1,3,0,7,0,5,3,21,6,17,1,0,13,13
2020-03-22,19,20,2,2,3,3,0,9,24,1,8,19,42,7,<1,4,10,11,0,2,<1,4,10,0,1,4,1,24,6,0,0,2,7,2,0,15,8,5,2,14,0,1,0,3,24,2,0,0,0,0,5,0,7,14,0,3,5,13,22,7,0,0,0,3,0,<1,2,0,4,0,4,6,20,6,15,1,0,10,11
2020-03-29,21,18,3,2,11,4,0,8,24,1,7,16,29,6,<1,10,10,8,30,2,<1,6,6,0,1,4,0,19,8,0,0,4,0,0,0,11,9,0,0,12,26,1,2,3,25,0,0,0,0,7,0,3,0,20,2,1,0,8,27,8,0,0,13,3,0,<1,4,0,8,0,1,3,28,5,13,1,0,9,0
2020-04-05,23,22,3,2,12,0,5,12,34,1,14,16,30,7,<1,3,0,9,19,2,<1,6,8,0,1,5,0,20,6,0,0,4,0,8,0,18,15,0,0,13,0,1,3,3,30,1,0,0,0,0,3,3,26,19,2,0,6,15,21,7,0,0,0,3,1,<1,3,0,0,0,3,5,29,6,18,<1,0,12,0
2020-04-12,24,22,2,2,13,7,0,8,26,1,10,16,28,6,<1,0,2,9,0,6,<1,7,9,0,1,5,0,20,7,19,0,4,11,0,0,17,18,0,0,12,23,1,3,4,14,1,0,0,19,0,0,0,0,14,4,1,8,6,17,7,0,0,0,3,0,1,3,0,12,0,2,4,24,5,18,<1,1,13,4
2020-04-19,25,22,3,2,11,9,3,8,25,1,8,16,27,9,<1,4,7,10,0,11,<1,7,12,0,1,6,<1,17,9,0,5,5,0,6,0,14,16,0,0,13,21,1,2,3,16,1,0,0,48,0,3,4,11,27,13,4,7,19,22,8,0,0,0,3,2,1,3,0,8,0,0,5,24,5,27,1,2,17,3
2020-04-26,24,17,4,2,12,12,0,8,28,2,9,20,30,12,1,15,5,9,0,12,1,6,16,0,1,7,0,14,9,10,0,5,9,9,1,40,15,0,0,15,12,1,2,4,34,1,0,0,35,13,0,0,0,25,3,3,12,0,27,9,0,0,20,3,0,1,2,0,19,0,2,5,25,7,31,1,0,14,7
2020-05-03,25,18,3,2,9,0,3,20,29,2,9,23,29,16,1,12,8,10,32,17,<1,7,23,0,1,7,1,20,7,0,3,5,18,9,<1,18,15,0,3,15,28,1,3,7,9,1,0,0,18,0,0,11,0,18,4,5,5,0,30,9,0,0,11,5,1,1,3,0,18,0,4,6,27,6,24,3,0,13,31
2020-05-10,27,25,3,2,9,12,0,14,29,2,11,27,30,14,1,4,8,10,0,11,<1,6,39,0,1,7,0,18,9,0,2,7,0,6,0,20,14,0,0,15,0,2,2,8,32,0,0,0,16,18,6,0,9,21,5,6,23,21,24,13,0,0,0,4,0,1,3,0,11,0,2,6,30,6,26,1,0,13,13
2020-05-17,27,21,3,2,12,6,0,12,23,1,8,18,28,10,1,4,11,8,43,8,<1,6,31,0,1,6,1,20,7,0,2,4,0,4,1,29,13,6,6,13,0,1,5,5,21,0,0,0,0,0,7,0,10,25,6,8,13,0,22,13,3,1,0,3,0,1,4,0,14,0,2,3,28,5,29,1,0,15,6
2020-05-24,27,34,5,2,14,5,0,10,22,2,8,17,21,3,1,5,6,7,8,4,<1,7,37,0,1,6,1,15,9,0,4,5,9,0,0,19,12,14,0,12,0,1,4,5,16,1,0,0,27,0,5,0,20,28,2,9,19,14,18,11,0,0,0,3,0,1,3,0,17,0,4,4,23,5,23,1,0,16,6
2020-05-31,26,27,6,2,13,6,5,16,21,2,4,16,21,8,1,8,18,7,39,5,<1,6,34,0,1,7,0,18,7,0,2,5,13,7,0,20,14,0,0,13,0,1,3,7,34,5,0,0,25,0,4,7,7,16,5,3,6,17,27,11,0,0,0,3,2,1,3,0,16,0,0,5,23,5,22,2,0,14,0
2020-06-07,27,25,5,2,9,10,0,10,20,2,5,15,20,5,1,10,11,8,0,8,<1,7,23,0,1,6,0,14,10,0,0,2,7,0,<1,84,12,0,4,11,0,1,5,4,46,4,0,0,38,0,7,3,8,23,0,8,26,8,12,14,0,0,0,4,0,2,4,0,19,0,2,4,22,5,19,3,0,10,3
2020-06-14,28,26,4,2,13,5,0,7,20,1,5,13,18,21,1,12,14,8,0,9,<1,7,16,0,1,6,0,16,7,0,0,2,8,3,0,41,14,0,0,10,0,1,4,5,32,5,0,0,36,29,6,4,0,21,2,7,13,0,15,14,7,0,0,2,0,2,3,0,4,0,2,5,21,5,18,4,0,11,0
2020-06-21,27,28,4,2,11,4,17,16,21,2,6,13,19,53,1,10,4,7,9,14,<1,7,15,0,1,6,1,18,9,0,2,4,0,10,0,41,18,0,2,10,0,1,3,4,44,5,0,0,0,0,6,0,0,30,3,11,10,0,13,21,0,0,17,2,0,2,4,0,0,0,2,4,21,5,16,1,2,15,3
2020-06-28,28,30,6,3,13,0,11,10,20,1,5,13,20,24,1,8,11,7,10,4,<1,8,63,0,1,6,2,12,13,0,2,4,0,4,0,100,12,0,0,10,14,1,3,3,39,5,0,0,0,0,0,3,0,26,2,5,25,31,29,29,0,0,32,3,0,2,3,0,9,0,3,5,18,5,16,2,0,10,0
2020-07-05,30,43,8,4,19,0,5,14,21,2,6,12,20,23,1,14,17,7,0,9,4,8,30,0,1,6,<1,16,10,0,0,4,14,3,0,69,31,24,5,11,13,1,2,4,63,4,0,0,36,0,9,0,16,31,5,7,11,7,18,27,3,0,0,5,1,2,7,0,6,0,3,7,20,5,17,2,0,13,7
2020-07-12,29,32,6,8,11,6,3,12,23,2,6,14,18,18,1,6,19,8,18,4,1,8,11,0,1,6,1,13,12,0,0,7,11,5,0,63,55,0,0,11,23,1,3,4,67,5,0,0,15,0,4,0,0,28,3,10,12,11,22,20,0,0,0,3,0,3,4,0,12,0,2,9,21,5,28,2,0,16,0
2020-07-19,30,36,5,6,15,15,5,11,24,2,5,13,22,18,1,14,13,7,12,8,1,9,20,0,1,9,0,13,10,0,0,5,23,7,0,35,30,7,0,12,0,1,2,4,56,5,0,0,18,0,0,0,0,31,0,9,11,7,18,30,3,0,0,3,1,5,4,0,10,0,7,6,22,6,20,1,12,16,6
2020-07-26,31,52,8,5,9,14,6,12,30,3,11,21,50,15,1,11,17,11,0,2,1,10,29,0,1,15,3,17,8,0,0,6,0,8,0,39,30,0,0,20,0,1,5,7,34,5,0,0,19,0,4,4,0,36,0,7,11,11,25,25,7,0,0,6,0,7,3,0,14,0,3,8,24,12,22,2,19,22,4
2020-08-02,30,61,6,6,14,7,11,15,28,2,7,20,44,20,1,0,10,16,0,6,1,9,18,0,2,16,<1,15,13,11,0,5,17,5,0,37,54,9,3,18,9,2,4,7,31,3,0,0,49,0,0,6,17,27,5,11,7,15,30,23,18,0,0,6,1,7,2,0,14,0,5,7,25,13,23,1,4,22,10
2020-08-09,31,43,5,16,16,52,13,15,26,3,7,17,37,40,1,50,18,12,0,9,<1,11,12,0,1,12,1,15,11,0,3,5,7,6,0,44,100,15,0,15,0,3,4,7,83,8,0,0,0,0,3,0,16,30,0,10,9,15,24,32,42,0,24,9,2,12,4,0,14,0,6,10,22,10,43,2,12,18,8
2020-08-16,32,38,4,9,13,14,9,33,25,3,7,16,35,25,1,43,16,12,14,5,<1,22,12,0,1,10,<1,15,11,0,0,4,0,5,0,41,72,8,3,18,0,1,3,8,90,80,0,0,30,22,4,5,0,30,6,38,21,11,17,24,6,0,0,15,1,11,5,0,17,0,4,9,25,9,26,2,66,15,24
2020-08-23,30,43,4,7,11,29,9,19,21,2,8,14,25,27,1,12,11,8,11,5,<1,33,20,0,1,8,1,16,12,19,7,5,0,10,0,23,35,8,0,13,13,1,3,7,30,23,0,0,0,22,0,0,0,26,6,8,8,12,15,20,12,3,0,9,3,10,3,0,5,0,9,6,26,7,19,1,38,16,8
2020-08-30,30,38,4,6,16,7,9,13,24,3,6,15,24,28,1,20,7,8,34,4,<1,21,19,0,1,12,1,12,11,0,2,3,0,11,0,29,34,0,0,15,0,1,3,9,95,17,0,0,0,20,7,0,0,20,0,14,9,13,14,31,25,30,0,21,7,19,2,0,14,0,10,5,25,8,19,1,100,14,7
2020-09-06,30,33,4,5,14,12,0,10,21,2,5,14,23,19,1,12,17,9,17,8,<1,15,9,0,1,9,1,13,11,0,0,4,10,4,<1,11,26,0,0,12,24,1,5,7,67,5,0,0,31,52,7,9,0,33,9,8,18,19,31,18,11,27,14,13,12,9,2,0,7,0,5,4,31,6,14,1,26,12,0
2020-09-13,30,32,4,6,14,5,7,10,21,3,5,13,17,13,1,13,13,8,0,2,<1,14,16,0,1,7,<1,14,11,22,8,3,7,7,1,15,22,0,2,11,0,1,3,9,82,6,0,0,0,0,6,0,0,23,4,8,15,11,27,18,5,17,40,10,3,38,3,0,13,0,4,3,25,5,17,1,31,13,0
2020-09-20,30,33,4,5,10,19,7,7,20,2,6,12,20,17,1,17,16,8,8,3,<1,12,14,0,1,7,0,14,12,21,2,3,0,5,0,17,26,0,0,10,25,1,1,11,46,7,0,0,0,11,0,0,0,26,0,7,5,16,26,25,3,6,42,8,3,20,1,0,7,0,3,3,22,5,16,1,17,11,4
2020-09-27,28,28,4,4,15,11,2,6,18,2,7,11,17,16,<1,14,14,7,0,1,<1,9,9,0,1,6,1,15,7,0,0,1,0,2,0,10,19,5,0,10,26,1,1,10,17,11,0,0,0,0,0,0,0,23,5,5,9,7,25,15,6,5,0,7,0,13,1,0,9,0,2,3,24,4,15,1,15,14,3
2020-10-04,28,28,3,4,39,4,3,7,18,2,6,12,15,14,<1,16,16,10,0,6,<1,10,6,0,1,5,0,16,8,0,5,3,0,5,0,13,15,0,0,9,11,1,3,9,36,4,0,0,0,0,0,0,0,26,4,10,0,0,13,17,0,6,23,5,5,11,3,0,6,0,0,2,24,5,12,1,15,12,0
2020-10-11,28,32,3,3,26,3,0,5,20,2,4,12,16,17,<1,12,0,7,0,3,<1,9,8,0,1,5,0,16,10,0,0,5,7,15,0,10,16,8,0,9,0,1,4,5,13,5,0,0,0,0,4,4,0,27,2,14,0,12,17,11,0,3,0,6,0,8,1,0,9,0,1,4,25,5,11,1,8,12,7
2020-10-18,31,34,3,3,17,0,5,6,22,1,5,16,20,19,1,18,6,6,17,3,<1,11,3,0,1,7,1,19,7,0,6,3,0,3,1,13,18,11,0,14,0,1,2,7,23,2,0,0,17,0,0,4,12,21,0,9,6,25,26,12,5,2,0,5,2,7,4,0,8,0,2,4,28,5,13,1,9,11,7
2020-10-25,25,26,3,4,9,4,0,7,21,2,6,18,21,15,<1,12,6,7,0,5,<1,11,8,0,1,6,1,17,9,0,4,2,0,2,0,11,17,6,0,13,0,1,3,5,14,5,0,0,0,0,0,4,13,27,5,9,6,0,3,11,0,3,0,5,1,8,4,0,10,0,2,5,26,5,12,0,11,12,0
2020-11-01,27,23,3,5,11,7,4,8,23,2,5,19,23,13,<1,7,18,9,0,2,<1,10,10,0,1,8,1,14,6,14,6,0,8,3,0,10,17,10,0,13,0,1,2,6,31,4,0,0,30,0,0,0,0,25,2,9,0,0,9,13,8,3,0,6,2,7,2,0,9,0,5,4,26,5,13,1,11,10,0
2020-11-08,27,28,3,5,21,8,4,11,28,2,6,20,27,15,1,19,60,11,35,6,<1,10,8,0,1,9,1,20,8,0,0,2,11,0,0,12,20,15,0,15,0,1,1,7,19,7,0,0,0,0,0,4,11,30,2,0,0,14,21,22,9,2,0,5,2,7,3,0,8,0,4,4,25,6,13,1,10,19,0
2020-11-15,30,30,4,5,21,5,0,10,35,2,9,28,34,14,1,12,20,12,0,6,<1,12,11,0,2,11,0,15,6,0,0,6,0,7,0,15,26,0,0,30,0,1,2,8,20,7,0,0,0,0,10,4,15,29,7,3,0,20,21,16,4,7,22,7,1,9,4,0,8,0,4,6,28,16,16,2,13,34,4
2020-11-22,31,27,6,5,21,19,0,12,41,3,13,31,42,17,1,9,26,17,16,5,1,13,23,0,3,19,<1,19,7,0,0,2,47,9,0,15,27,0,0,28,15,1,4,9,25,6,0,0,18,10,0,0,0,23,6,11,0,42,23,19,6,8,0,14,1,7,5,0,12,0,6,28,31,42,21,4,14,23,0
2020-11-29,26,31,5,5,23,9,0,11,32,3,8,26,36,19,1,12,32,14,11,2,<1,11,11,0,2,14,<1,17,8,0,0,7,7,10,1,9,21,0,0,23,0,1,2,7,29,8,0,0,29,0,3,0,0,26,7,8,5,9,23,14,8,8,0,10,0,6,5,0,8,0,7,16,27,22,16,2,10,15,0
2020-12-06,28,29,4,3,20,3,0,9,25,2,6,21,30,22,1,16,29,10,0,6,<1,11,11,0,1,10,0,18,7,17,0,4,0,11,0,11,18,0,0,17,52,1,3,7,16,9,0,0,19,44,2,0,0,22,2,9,8,13,20,13,7,5,0,8,0,7,1,0,7,0,11,6,30,20,14,2,6,13,13
2020-12-13,28,36,5,6,16,0,0,8,37,3,10,34,42,21,1,3,16,19,26,9,1,14,29,0,2,14,<1,14,10,0,0,5,0,0,<1,14,20,0,0,30,15,1,2,9,99,10,0,0,28,0,0,0,13,24,3,9,6,17,21,22,0,7,0,10,4,8,6,0,11,0,9,11,51,20,18,2,8,16,0
2020-12-20,77,33,5,6,6,7,5,11,46,5,12,35,39,15,1,18,25,17,0,12,2,13,10,0,2,15,1,15,9,21,0,5,0,5,0,11,26,0,0,40,21,1,4,10,33,15,0,0,19,9,0,4,18,22,2,9,0,17,15,41,3,8,0,10,4,8,3,0,12,0,9,16,37,44,20,2,8,17,6
2020-12-27,49,35,8,11,17,7,4,14,55,6,14,54,59,17,1,16,20,27,22,15,3,43,14,0,2,26,1,29,7,13,0,7,20,7,0,15,35,0,0,52,33,2,2,15,12,19,0,0,30,26,3,0,12,25,0,24,6,0,26,47,0,10,0,15,3,12,7,0,15,0,15,16,59,44,24,3,12,27,10
2021-01-03,42,42,17,15,20,12,8,27,91,9,39,90,100,26,2,8,64,35,47,12,6,44,22,0,5,65,1,21,11,18,0,5,0,10,0,30,49,19,0,100,17,4,5,23,61,26,0,0,0,12,7,4,21,28,6,19,11,23,47,67,11,12,0,24,4,12,12,0,19,0,16,74,67,38,33,9,20,37,16
2021-01-10,36,52,12,11,17,9,3,20,87,7,33,82,88,26,2,15,41,48,22,10,3,63,16,0,6,52,1,18,14,0,0,8,100,8,0,27,53,11,3,74,12,3,8,28,38,16,0,0,21,21,7,10,12,34,5,18,12,12,31,100,5,17,0,17,0,11,11,0,16,0,13,36,62,23,28,4,11,44,13
2021-01-17,50,49,13,14,45,28,8,28,51,6,15,55,58,18,2,25,28,24,0,9,2,78,18,0,3,45,1,16,11,0,0,7,31,10,0,34,60,24,5,48,10,5,5,30,79,18,0,0,0,51,4,0,9,32,5,43,19,22,34,66,16,18,0,14,5,14,6,0,21,0,8,20,52,19,30,3,11,26,10
2021-01-24,54,85,11,17,56,8,7,19,53,10,17,51,52,32,2,27,30,21,17,14,56,49,19,0,4,42,1,23,14,0,0,5,9,8,1,33,49,22,0,48,19,5,5,19,29,11,0,0,0,43,3,8,0,33,12,24,10,34,40,62,12,23,65,18,4,23,10,0,18,0,10,30,47,25,28,6,5,25,9
2021-01-31,64,100,26,26,62,18,15,26,54,16,23,44,48,79,4,15,45,29,19,11,44,77,40,0,5,51,1,34,17,12,0,1,0,24,<1,48,53,26,0,53,56,7,8,20,33,98,0,0,0,21,4,0,8,39,14,48,27,47,38,93,20,40,30,23,100,26,35,0,32,0,13,31,51,76,32,5,13,28,76
2021-02-07,77,82,53,57,62,25,20,58,70,26,33,80,71,100,5,37,100,68,46,32,50,71,60,0,10,60,4,30,20,0,0,8,10,29,0,39,60,29,5,81,0,9,36,38,48,87,0,0,0,0,13,6,21,39,10,54,28,9,46,95,24,28,14,45,20,27,30,0,95,0,24,64,70,36,54,8,30,44,39
2021-02-14,69,65,45,45,76,15,77,46,100,44,30,73,90,70,7,21,75,100,70,36,21,100,40,0,10,55,4,24,21,42,5,9,0,48,0,30,66,76,2,95,16,9,49,52,29,58,0,0,100,0,42,6,20,29,12,100,49,29,35,96,0,31,24,39,10,25,59,0,62,0,22,53,83,36,45,7,21,50,28
2021-02-21,59,58,68,33,62,7,27,29,61,28,21,82,90,45,11,29,46,61,40,26,13,89,26,0,5,57,4,29,52,17,3,6,18,40,0,30,53,37,0,73,0,8,23,38,34,35,0,0,27,13,11,0,0,30,13,54,24,7,43,63,19,24,12,25,9,21,30,0,33,0,33,38,72,40,32,3,8,37,15
2021-02-28,57,52,68,27,57,25,13,48,46,16,12,55,67,43,4,35,29,43,15,14,8,59,24,0,3,36,3,30,20,0,0,7,0,22,0,40,42,20,0,49,12,10,18,24,48,27,0,0,0,0,10,12,7,24,6,34,14,0,31,52,12,25,41,22,3,18,21,0,23,0,37,25,56,19,27,4,9,28,16
2021-03-07,49,48,40,25,42,22,20,42,44,25,15,52,61,35,5,71,38,40,29,26,9,56,21,0,3,41,4,30,22,0,0,9,12,15,<1,29,42,43,0,56,35,28,21,26,31,33,0,0,59,24,9,8,28,32,7,46,8,7,32,49,11,36,15,25,4,26,21,0,37,0,100,30,53,19,26,4,9,28,12
2021-03-14,56,60,62,31,34,29,100,100,46,27,15,52,51,52,7,32,37,35,18,35,8,49,27,0,3,35,5,31,16,0,0,6,6,27,<1,48,42,29,13,49,27,34,62,28,32,21,0,0,0,73,15,6,11,23,13,31,11,20,50,48,17,39,51,40,10,27,24,0,37,0,78,29,59,17,24,6,11,32,6
2021-03-21,52,50,40,22,54,100,46,33,38,23,12,48,49,33,5,43,42,30,0,22,5,41,32,0,2,32,3,26,18,0,3,6,0,26,0,25,32,26,16,36,54,14,34,25,18,17,0,0,28,43,9,3,8,17,6,29,33,33,41,42,7,32,49,38,7,33,19,0,29,0,36,25,52,23,25,5,9,26,14
2021-03-28,53,44,36,25,38,37,28,29,40,27,16,46,50,45,5,43,53,38,17,26,6,59,35,0,3,40,4,31,20,0,3,10,11,24,0,35,38,42,5,43,0,19,20,34,49,54,0,0,0,33,14,9,12,34,9,35,19,24,39,50,13,33,25,72,9,35,23,0,55,0,34,36,59,20,29,9,12,31,13
2021-04-04,64,54,35,23,50,28,25,49,47,48,18,42,64,49,6,26,56,40,0,33,6,53,46,0,7,39,5,65,21,0,0,8,0,39,0,45,40,12,5,53,63,13,35,35,25,52,0,0,56,31,19,0,31,44,8,55,16,8,52,50,21,28,42,100,8,24,18,0,56,0,33,56,62,68,43,9,17,35,20
2021-04-11,63,63,51,33,81,31,36,49,78,64,35,53,63,50,9,33,64,46,23,79,76,58,37,0,16,51,11,61,29,14,2,14,0,64,<1,36,61,49,0,83,39,15,39,44,35,34,0,0,16,12,8,6,27,35,12,53,28,48,65,60,21,32,59,83,9,31,28,0,40,0,34,85,81,100,44,16,17,45,21
2021-04-18,61,51,43,32,80,47,13,42,69,53,28,71,72,51,9,30,49,44,37,100,71,58,28,0,11,54,5,37,25,0,5,18,9,27,1,33,48,37,3,74,19,13,32,100,71,20,0,0,28,27,12,3,27,28,10,47,33,39,65,46,22,33,0,62,10,33,100,0,29,0,21,52,83,59,38,10,16,36,22
2021-04-25,62,59,42,29,65,29,18,37,54,36,23,52,53,43,5,28,53,32,33,63,33,51,34,0,9,54,6,40,21,0,8,9,16,35,0,29,43,22,3,54,53,12,37,43,26,19,0,0,29,0,6,3,0,23,6,42,13,22,35,40,60,37,21,43,9,29,39,0,18,0,21,43,72,50,31,9,11,29,7
2021-05-02,79,60,58,38,77,52,40,46,90,55,40,44,58,71,12,37,59,47,42,75,95,59,36,0,100,92,6,100,26,13,100,9,0,50,1,30,72,17,3,87,45,13,31,65,62,58,0,0,0,49,13,0,29,24,10,38,26,18,65,50,46,52,0,63,7,56,36,0,48,0,29,73,83,54,44,16,17,43,13
2021-05-09,100,84,100,39,96,34,19,48,73,100,34,60,60,65,36,45,56,44,57,48,100,63,37,0,46,100,8,58,100,16,19,12,0,100,100,29,58,26,4,92,45,9,100,53,47,32,0,0,46,87,26,3,25,23,16,37,10,32,100,55,12,56,0,58,15,100,32,0,32,0,34,100,90,48,42,13,88,49,24
2021-05-16,60,67,93,33,70,22,9,29,60,43,26,100,85,42,14,35,41,30,48,40,46,61,20,0,21,98,4,32,50,0,5,8,14,45,48,25,50,17,0,70,14,8,57,36,75,15,0,0,0,49,13,0,7,26,14,33,5,47,76,64,23,49,14,40,5,42,24,0,21,0,16,64,85,49,37,6,26,36,8
2021-05-23,50,55,56,25,47,28,13,22,50,28,16,71,74,43,9,18,32,30,25,23,27,45,22,0,14,78,2,24,23,0,6,6,0,30,21,15,46,19,9,58,33,7,48,27,69,17,0,0,0,19,7,0,0,27,7,28,25,22,32,36,21,37,23,26,6,27,19,0,23,0,10,40,62,33,30,3,19,34,0
2021-05-30,51,52,45,24,49,30,5,19,48,25,13,53,62,32,8,31,21,23,30,33,23,40,5,0,9,52,3,30,18,0,6,7,0,25,14,80,32,13,14,37,29,6,43,19,100,6,0,0,0,45,11,0,13,22,14,51,0,25,50,38,7,35,0,24,6,25,17,0,15,0,12,32,55,28,23,6,14,26,8
2021-06-06,45,53,32,23,45,39,7,15,37,19,13,53,55,24,5,26,15,19,18,28,16,32,16,0,7,44,3,30,14,0,30,6,21,17,19,26,27,17,4,29,0,6,29,16,74,10,0,0,48,18,7,0,0,24,6,13,9,38,45,34,15,35,0,17,3,20,15,0,24,0,6,23,48,20,25,5,10,22,3
2021-06-13,52,57,27,22,29,39,7,16,29,15,10,40,45,24,5,29,27,14,21,21,11,41,9,0,5,36,2,24,20,0,8,2,0,15,12,32,23,8,6,25,20,6,29,13,31,8,0,0,44,39,4,0,0,25,29,14,4,0,36,27,12,43,18,16,4,20,9,0,13,0,7,19,49,17,21,3,8,19,0
2021-06-20,43,41,28,19,32,27,7,15,28,13,9,50,49,26,4,31,21,13,60,16,19,35,6,0,6,44,1,24,12,0,8,5,0,19,11,16,25,13,3,27,0,6,20,16,37,5,0,0,0,35,2,0,13,20,30,10,6,38,38,28,8,25,21,15,4,16,15,0,6,0,5,13,52,19,24,2,7,17,0
2021-06-27,41,42,24,14,25,24,12,14,25,13,14,38,38,39,4,14,15,12,30,14,11,29,7,0,6,34,3,23,13,0,0,5,0,13,12,25,21,9,6,23,20,4,17,15,28,6,0,0,31,36,8,6,44,31,15,6,10,25,38,24,17,24,0,12,4,17,8,0,6,0,7,15,49,14,19,2,5,15,0
2021-07-04,41,43,22,13,60,30,9,14,22,11,7,29,33,46,4,18,21,12,33,15,9,25,7,0,4,32,1,22,14,0,13,1,0,16,6,17,20,31,0,20,0,7,17,11,17,8,0,0,0,46,3,6,19,25,15,9,0,20,32,68,5,24,0,10,4,19,6,0,8,0,3,11,41,13,15,2,2,14,3
2021-07-11,40,38,18,12,36,19,0,10,21,9,8,30,33,23,3,15,9,13,0,12,9,24,9,0,4,30,2,23,15,17,5,3,15,13,3,10,18,5,0,18,0,6,13,8,42,4,0,0,0,22,31,4,12,21,13,8,10,0,42,49,3,23,0,9,4,18,7,0,7,0,8,10,35,13,15,1,1,13,0
2021-07-18,41,39,19,11,44,29,6,8,22,9,6,31,37,27,3,29,15,25,19,10,9,26,0,0,4,34,3,22,10,0,0,5,0,12,6,17,17,0,9,20,0,4,18,8,49,5,0,0,0,18,7,0,0,22,17,4,17,36,32,20,11,28,0,8,1,14,8,0,0,0,7,10,31,12,15,2,4,12,0
2021-07-25,42,60,21,15,33,24,9,14,26,12,7,40,39,28,3,7,20,17,0,15,8,26,8,0,5,36,3,22,14,0,0,7,0,16,5,20,22,22,0,22,11,5,24,20,31,7,0,0,0,32,12,6,10,30,44,7,17,12,33,26,4,26,0,8,1,17,10,0,9,0,7,15,36,19,15,2,5,13,11
2021-08-01,38,56,22,12,42,23,12,17,26,11,16,32,31,23,2,22,13,13,37,18,6,35,7,0,5,49,4,27,14,0,4,4,11,15,6,16,24,0,4,20,12,5,22,22,38,7,0,0,0,29,11,0,21,17,63,7,0,33,38,26,86,28,14,11,6,17,7,0,13,0,4,10,38,14,18,3,4,15,5
2021-08-08,45,42,51,16,39,33,14,17,29,16,9,36,38,20,4,16,24,15,0,17,9,36,7,0,6,48,2,24,17,0,0,5,13,24,11,14,23,0,3,28,0,6,37,19,10,7,0,0,19,30,16,5,0,20,27,12,0,0,33,37,9,32,0,16,5,19,9,0,21,0,8,22,37,27,17,4,3,15,14
2021-08-15,48,45,60,21,51,26,37,15,30,18,9,33,32,31,3,16,24,19,35,16,11,42,19,0,6,40,4,21,14,0,6,6,14,15,6,23,24,11,4,26,0,7,28,22,35,14,0,0,0,62,15,0,0,17,39,22,11,28,38,31,34,40,42,15,6,18,10,0,29,0,7,23,39,29,21,4,5,17,9
2021-08-22,44,42,83,20,64,18,4,18,29,19,8,34,31,18,4,18,22,21,16,19,7,38,15,0,4,36,5,31,20,20,0,3,0,34,6,23,23,7,0,25,25,7,36,23,58,13,0,0,0,22,15,0,22,24,28,5,6,24,30,26,28,35,17,15,4,20,14,0,36,0,0,20,44,22,48,3,4,18,4
2021-08-29,49,39,66,22,53,38,31,19,28,17,11,28,28,26,4,62,56,15,63,16,6,45,8,0,5,44,11,24,20,0,11,8,0,25,5,27,24,11,4,27,17,10,37,23,38,9,0,0,0,74,100,0,38,37,28,37,4,18,39,32,51,38,0,18,5,20,8,0,10,0,6,16,39,22,50,3,5,17,0
2021-09-05,49,37,65,100,54,36,11,20,29,17,10,39,34,23,5,35,47,16,17,16,6,42,16,0,5,42,16,19,15,0,0,4,0,33,6,15,33,9,0,28,0,7,41,26,12,29,0,0,0,87,67,5,10,34,100,16,0,22,40,21,100,40,15,14,7,21,10,0,16,0,6,22,40,25,44,3,4,18,0
2021-09-12,48,39,62,59,46,27,27,9,23,16,7,30,27,27,5,37,29,12,19,17,5,45,24,0,3,32,9,29,13,41,2,4,0,17,4,17,23,22,0,33,0,7,32,16,21,12,0,0,29,63,27,9,27,19,56,42,0,25,52,40,52,47,17,22,6,18,7,0,19,0,6,14,36,17,60,2,2,16,4
2021-09-19,43,39,43,35,31,4,10,9,22,13,7,36,32,19,3,44,21,13,0,10,5,33,11,0,3,34,6,22,15,0,7,2,24,15,5,13,21,21,0,21,0,6,38,15,32,38,0,0,0,61,17,7,0,24,38,40,11,0,34,24,29,34,36,13,5,14,8,0,13,0,3,12,36,16,47,2,2,14,9
2021-09-26,42,37,34,33,32,9,17,9,22,11,6,30,31,39,2,35,21,12,26,12,4,28,10,0,3,31,5,21,17,24,3,2,21,52,4,18,24,8,0,20,0,6,35,14,32,40,0,0,0,81,23,8,31,17,21,30,24,22,40,20,17,36,29,11,5,18,9,0,14,0,7,12,30,16,39,1,4,15,4
2021-10-03,47,37,32,43,58,26,17,15,27,22,11,33,33,33,9,28,31,16,13,19,6,34,10,0,3,35,6,24,27,22,0,0,0,16,6,14,22,10,4,22,0,6,33,22,64,49,0,0,44,42,42,0,22,24,38,31,13,39,35,28,23,40,18,14,5,23,7,0,8,0,7,23,35,19,57,2,6,15,4
2021-10-10,47,41,30,35,51,15,15,14,29,22,8,37,36,22,5,27,22,13,0,17,6,61,8,0,4,37,7,28,22,0,0,0,0,20,4,13,24,9,0,24,20,7,29,18,47,24,0,0,32,33,24,3,11,26,36,18,5,18,36,25,27,45,0,13,10,26,5,0,12,0,7,24,39,20,40,2,5,16,7
2021-10-17,57,38,35,29,53,16,16,14,31,22,9,48,37,40,4,49,26,18,0,17,6,56,17,0,4,46,8,29,24,0,3,3,0,33,4,10,28,0,11,29,0,9,24,17,36,11,0,0,0,55,25,0,0,24,34,19,12,22,49,24,28,55,0,15,13,27,12,0,14,0,4,27,38,19,30,3,5,24,0
2021-10-24,92,44,36,33,56,29,47,47,32,36,10,37,35,28,19,100,39,20,0,28,11,49,17,0,4,44,13,29,57,0,0,5,12,29,5,17,30,0,5,24,29,53,28,17,40,12,0,0,0,73,31,6,19,24,33,14,17,48,88,37,26,71,0,16,5,58,14,0,0,0,11,33,40,19,33,3,6,22,8
2021-10-31,57,46,36,35,82,22,19,46,31,37,10,32,32,38,29,29,48,19,23,35,7,99,14,0,4,48,14,36,48,0,0,4,22,57,6,32,28,31,19,27,31,93,37,27,63,31,0,0,0,77,29,0,33,26,45,23,0,26,67,27,38,75,0,18,8,54,17,0,22,0,13,37,39,25,31,3,8,21,14
2021-11-07,55,42,40,46,69,28,14,41,35,32,10,39,42,32,26,41,38,31,0,31,7,89,11,0,5,53,15,35,45,0,5,6,23,43,6,15,33,44,100,48,0,63,63,28,26,100,0,0,0,100,24,5,86,23,62,30,7,24,61,35,33,69,17,20,37,48,14,0,29,0,12,39,50,26,32,6,5,27,12
2021-11-14,48,43,31,55,75,28,21,22,28,29,10,36,39,28,53,41,28,26,20,21,5,64,20,0,3,50,10,31,29,0,2,3,17,47,3,14,25,14,57,34,0,58,60,18,11,83,0,0,25,67,91,100,8,27,42,25,5,33,55,27,16,63,0,20,21,35,11,0,18,0,14,26,53,19,31,4,4,22,7
2021-11-21,53,46,39,34,80,47,18,59,27,30,9,37,40,27,100,78,43,19,0,27,5,55,12,0,3,40,13,27,27,0,0,0,8,54,4,23,24,29,25,28,15,100,74,18,41,36,0,0,23,52,69,59,9,22,39,28,7,0,64,30,17,64,0,16,11,27,11,0,31,0,5,36,47,17,25,2,5,39,6
2021-11-28,55,41,36,42,89,38,8,37,25,31,10,38,38,18,37,62,26,18,14,20,5,43,6,0,3,45,9,25,30,0,12,0,0,44,3,16,23,17,44,25,0,95,67,18,61,35,0,0,0,51,26,18,29,28,47,18,5,21,62,21,20,73,0,13,12,25,14,0,68,0,8,25,42,18,33,2,6,25,6
2021-12-05,46,39,33,34,48,26,12,31,24,21,17,41,41,21,22,30,26,18,24,10,5,44,7,0,3,42,7,27,22,0,0,4,0,61,3,14,26,11,10,26,0,66,53,14,0,27,0,0,40,21,20,16,0,22,37,12,0,16,47,30,11,54,37,12,5,21,24,0,26,0,6,20,42,18,52,1,3,18,9
2021-12-12,42,37,25,30,38,44,10,17,23,20,27,35,37,21,21,32,19,18,14,12,8,45,14,0,2,39,8,26,17,29,0,3,8,35,4,10,20,7,12,20,11,60,49,12,46,21,0,0,29,32,18,7,0,16,30,17,9,27,57,29,15,52,0,12,6,19,9,0,17,0,5,17,38,19,32,1,16,17,13
2021-12-19,42,44,25,32,49,70,12,18,23,20,6,35,33,23,19,38,13,22,43,17,5,47,12,0,2,35,6,24,19,0,0,4,0,27,4,12,18,10,25,22,0,63,35,13,58,21,0,0,18,37,8,8,0,28,29,46,12,23,29,18,29,52,0,12,6,22,10,0,26,0,4,21,38,22,25,1,20,13,8
2021-12-26,40,43,25,41,42,66,5,21,24,20,7,32,35,25,19,51,26,20,0,12,5,45,15,0,2,36,5,28,26,32,0,5,0,24,4,16,22,20,10,21,0,63,39,11,18,14,0,0,0,26,12,16,0,28,27,18,9,26,44,19,27,78,0,10,8,24,10,0,16,0,4,24,42,15,26,1,8,16,6
2022-01-02,54,51,28,47,56,46,3,24,27,25,7,43,41,23,20,75,33,26,0,16,6,53,3,0,3,46,10,29,34,35,3,6,0,57,7,36,37,8,20,24,0,91,54,10,58,12,0,0,0,64,36,82,0,30,38,22,14,28,50,36,32,100,0,13,18,27,12,0,12,0,5,22,51,16,37,2,16,23,5
2022-01-09,46,49,27,34,48,33,12,16,25,22,7,39,34,18,16,68,11,22,16,7,8,49,25,0,3,42,10,26,30,37,0,3,0,39,4,25,33,0,8,23,33,72,50,9,62,14,0,0,0,43,11,23,8,36,25,8,7,39,47,27,28,73,28,12,13,22,12,0,11,0,3,16,48,14,36,1,5,21,12
2022-01-16,41,42,44,35,57,26,8,17,25,20,6,42,35,23,14,39,28,17,12,12,6,45,37,0,3,40,8,26,26,61,0,4,7,27,3,28,24,0,8,23,0,61,39,9,14,11,0,0,24,50,10,19,11,35,31,10,5,22,76,29,14,71,0,13,7,20,7,0,6,0,0,16,50,13,30,1,5,17,5
2022-01-23,48,44,30,35,38,48,3,23,27,18,7,52,49,31,12,36,9,18,12,8,7,51,5,0,3,49,9,21,24,9,0,4,0,34,3,22,25,8,4,25,33,55,37,9,20,10,0,0,0,43,9,10,0,30,21,20,0,28,47,24,24,63,0,11,11,17,9,0,6,0,5,14,48,14,30,<1,4,18,10
2022-01-30,42,43,27,30,48,42,5,18,26,15,6,40,37,19,11,33,20,13,0,11,5,42,9,0,2,43,8,25,24,0,4,4,0,22,5,26,22,16,11,21,12,58,26,8,60,7,0,0,0,28,9,4,0,38,40,16,8,15,61,21,23,53,0,10,7,17,9,0,3,0,2,12,44,12,46,1,5,18,7
2022-02-06,45,61,24,33,51,24,16,19,25,18,6,38,34,27,13,49,26,16,0,8,5,40,12,0,3,37,10,21,31,57,0,5,0,15,3,16,20,33,0,22,0,61,29,10,48,7,0,0,0,31,7,11,0,36,32,11,0,22,67,22,8,47,0,11,11,19,11,0,0,0,4,15,45,20,100,1,2,17,4
2022-02-13,47,46,21,30,52,30,7,13,24,14,4,32,36,21,11,31,13,15,7,7,4,33,10,0,2,34,9,25,22,93,0,3,7,22,3,18,19,24,4,17,15,49,33,13,32,4,0,0,49,48,6,5,14,35,21,11,0,10,50,19,10,45,59,10,5,16,8,0,8,0,5,12,48,16,43,1,3,16,5
2022-02-20,42,44,25,25,52,22,6,15,23,12,4,43,69,28,7,45,12,13,0,8,4,31,4,0,2,36,5,24,20,72,2,5,0,22,2,13,19,10,4,19,0,41,26,9,45,6,0,0,33,42,5,6,0,25,26,11,0,34,38,19,5,39,0,8,4,13,9,0,0,0,2,10,44,14,38,1,2,16,0
2022-02-27,43,39,20,23,35,33,2,15,23,12,4,39,53,19,6,31,16,15,23,9,3,32,2,0,2,32,4,25,22,30,0,3,0,21,2,23,19,17,2,19,0,30,19,8,32,10,0,0,62,26,13,5,0,26,15,15,0,13,43,20,13,36,0,9,92,14,6,0,0,0,3,9,48,14,25,1,4,17,0
2022-03-06,45,44,19,25,39,16,5,11,23,12,4,33,60,23,5,26,16,14,0,7,3,29,18,0,2,28,5,27,24,40,0,1,0,15,2,24,17,6,5,18,0,27,17,8,57,14,0,0,32,37,5,4,11,27,18,16,0,17,51,27,15,33,0,8,14,12,9,0,14,0,3,10,51,14,31,1,6,24,7
2022-03-13,44,52,18,23,54,17,6,21,23,16,4,30,39,23,5,31,18,13,22,8,3,29,14,0,2,27,9,36,21,62,0,4,0,22,4,32,19,12,0,16,0,28,17,7,35,9,0,0,28,37,0,4,0,28,16,13,4,0,41,31,13,39,0,7,8,15,8,0,9,0,4,8,46,13,32,<1,3,23,9
2022-03-20,46,55,28,27,55,17,3,13,25,16,4,27,35,25,7,23,14,19,11,5,3,32,18,0,7,29,6,31,18,46,2,3,6,16,2,24,20,7,5,18,13,32,20,11,45,13,0,0,54,19,0,11,15,28,23,11,0,21,42,25,11,36,0,7,7,13,6,0,0,0,6,10,42,12,31,1,2,23,5
2022-03-27,52,61,26,31,100,23,9,22,25,17,5,30,32,30,7,28,16,14,15,58,3,34,13,0,4,30,6,30,23,92,0,2,8,26,3,15,22,11,3,19,0,30,28,8,37,11,0,0,37,57,10,13,6,28,23,17,0,27,56,34,13,44,0,10,5,16,8,0,0,0,2,9,45,14,30,2,3,22,7
2022-04-03,50,50,21,25,65,30,35,19,23,14,5,25,28,25,5,36,11,11,30,12,4,32,4,0,3,28,6,29,21,60,2,0,0,18,2,37,18,6,4,17,0,27,22,7,45,9,0,0,17,48,7,7,11,32,20,11,4,16,32,31,11,38,0,7,6,12,8,0,5,0,3,6,45,11,28,1,2,18,6
2022-04-10,42,53,18,21,43,12,4,16,22,11,5,27,27,28,5,25,12,12,13,8,4,29,13,0,2,23,5,23,16,48,0,2,0,18,2,55,17,7,6,14,22,22,35,6,33,9,0,0,27,53,5,6,0,24,14,7,0,0,44,25,5,30,18,6,6,12,13,0,0,0,2,8,48,12,22,1,2,18,3
2022-04-17,45,49,16,22,53,17,4,17,21,12,3,23,28,25,4,37,16,10,0,9,3,28,8,0,2,22,5,24,16,63,0,2,0,19,1,36,18,12,7,14,10,22,36,6,31,7,0,0,0,35,10,6,0,25,13,10,0,24,34,34,15,30,0,9,4,13,14,0,10,0,2,8,54,11,21,1,1,17,5
2022-04-24,45,46,16,22,46,21,6,12,19,12,4,24,28,19,4,33,13,10,24,8,5,28,10,0,2,22,5,24,16,33,0,3,0,14,2,57,18,0,3,15,0,23,35,6,30,4,0,0,0,39,6,0,8,25,12,7,3,15,36,31,7,29,0,6,6,13,6,0,8,0,3,7,46,10,21,1,2,30,4
2022-05-01,42,43,18,41,32,19,7,9,19,11,4,25,30,14,6,28,13,12,0,8,3,26,12,0,2,21,3,28,18,49,0,2,0,23,1,34,17,0,5,14,0,21,40,5,26,6,0,0,0,60,3,3,0,20,11,13,0,29,44,18,8,24,0,12,3,12,7,0,10,0,2,5,43,9,23,1,2,21,5
2022-05-08,45,44,25,32,39,19,3,16,23,24,5,57,51,24,7,24,12,12,0,8,5,34,7,0,2,38,10,27,20,48,5,4,6,17,2,25,24,13,8,19,14,22,27,9,34,5,0,0,0,51,6,5,12,21,27,9,0,7,67,24,9,31,16,14,5,12,7,0,14,0,5,8,49,14,24,1,3,14,7
2022-05-15,36,36,18,24,44,25,4,9,19,16,5,40,43,15,4,28,13,10,0,15,3,26,10,0,3,26,7,19,16,40,0,3,15,15,1,36,18,7,0,15,16,17,19,5,44,7,0,0,0,39,7,8,0,28,16,12,0,20,45,20,9,21,0,8,4,9,7,0,19,0,3,6,42,9,19,1,3,15,0
2022-05-22,40,61,15,22,49,21,3,9,18,16,3,30,33,23,4,25,16,8,0,8,3,24,0,0,3,24,6,27,16,37,5,3,0,17,1,19,15,8,0,14,20,15,18,6,34,4,0,0,0,94,0,4,0,26,15,11,4,18,55,16,7,19,0,10,6,9,5,0,0,0,3,5,42,8,20,1,7,11,8
2022-05-29,44,49,19,20,33,25,2,10,18,13,3,27,28,17,3,21,14,9,0,5,3,20,6,0,2,23,4,17,14,25,0,2,10,15,1,14,16,4,0,12,0,13,19,5,32,2,0,0,0,33,0,0,13,24,9,8,6,10,42,20,14,19,0,8,2,9,6,0,4,0,2,6,35,8,19,<1,3,11,4
2022-06-05,41,41,18,19,34,19,8,7,17,8,3,26,28,14,2,24,9,10,0,8,2,21,11,0,2,22,3,17,15,63,0,2,0,23,1,12,20,14,4,12,0,12,14,5,25,6,0,0,13,51,6,0,0,26,14,7,15,16,32,24,0,17,0,5,3,9,5,0,11,0,2,5,33,8,18,1,2,11,0
2022-06-12,43,52,20,20,26,19,9,9,23,8,6,68,66,18,2,26,6,8,15,6,4,25,7,0,2,52,4,14,14,32,0,2,0,25,1,12,20,8,7,17,23,12,15,7,31,4,0,0,56,63,8,30,9,31,15,8,0,25,46,17,6,21,0,9,9,8,4,0,7,0,2,5,42,11,21,1,5,13,5
2022-06-19,41,42,16,18,35,18,10,9,20,8,6,52,50,14,2,20,12,9,11,5,4,22,7,0,2,37,5,15,14,24,2,2,0,20,2,11,16,9,3,15,0,12,14,4,8,5,0,0,35,43,3,5,12,28,19,6,12,100,26,58,9,17,18,6,2,9,3,0,0,0,1,5,42,9,19,<1,7,9,0
2022-06-26,53,38,13,16,34,18,4,10,20,7,3,38,42,14,2,18,18,9,12,5,3,23,11,0,1,27,5,17,14,44,4,1,10,16,1,12,16,15,6,12,0,11,14,4,12,3,0,0,0,41,7,6,0,28,16,5,0,66,42,27,4,15,35,5,3,8,4,0,0,0,5,3,33,8,20,<1,5,10,0
2022-07-03,40,47,12,16,24,11,2,9,19,7,4,34,40,19,1,19,10,7,0,0,2,20,9,0,1,24,4,14,13,41,3,1,0,16,1,8,13,19,3,11,0,11,15,3,36,4,0,0,0,28,7,4,7,21,18,10,0,41,37,21,6,14,15,5,3,8,2,0,8,0,3,7,33,7,20,<1,3,10,0
2022-07-10,45,52,11,17,26,18,5,6,18,5,3,32,39,19,1,24,16,6,0,5,2,21,7,0,1,23,3,11,13,56,4,0,0,16,2,9,13,26,14,10,0,11,17,5,21,3,0,0,0,69,0,4,0,24,27,6,7,31,28,17,8,12,0,4,2,9,2,0,12,0,2,4,33,8,22,<1,3,10,0
2022-07-17,42,45,14,15,39,26,3,10,19,7,4,32,35,18,1,22,16,7,0,8,2,24,7,0,3,32,4,19,12,60,0,2,0,11,1,11,13,0,0,12,11,10,18,5,74,7,0,0,0,58,3,5,0,27,24,7,8,35,38,19,3,15,0,4,1,9,3,0,6,0,4,5,33,10,19,1,1,11,0
2022-07-24,39,41,13,14,39,11,8,7,20,7,2,26,33,9,2,14,12,4,0,4,2,27,4,0,5,27,3,13,11,31,3,1,8,12,1,10,13,0,17,11,16,11,10,4,27,5,0,0,30,27,2,17,9,23,18,4,0,17,25,25,14,16,0,4,3,9,3,0,9,0,1,4,32,8,18,<1,6,10,0
2022-07-31,39,44,11,14,32,24,3,9,18,7,5,26,29,11,1,12,18,9,18,8,2,23,6,0,4,24,2,14,13,59,0,4,0,8,1,7,13,10,8,10,12,10,9,3,17,2,0,0,0,67,4,4,0,25,10,4,0,0,43,28,6,13,0,5,3,8,4,0,11,0,2,3,31,8,19,1,1,11,0
2022-08-07,39,45,12,14,27,11,14,9,17,7,3,23,26,18,1,16,10,7,22,12,2,23,12,0,3,27,2,15,11,72,0,2,0,9,1,5,15,7,5,11,0,11,17,4,36,5,0,0,0,52,2,5,0,26,32,11,9,0,24,22,9,16,0,5,4,8,6,0,8,0,3,5,34,7,19,1,2,13,0
2022-08-14,43,42,12,15,38,14,11,6,17,7,3,24,22,11,2,14,23,8,10,5,2,23,11,0,3,27,2,10,11,41,0,4,6,11,1,12,13,0,4,11,0,9,11,3,25,4,0,0,29,30,5,7,19,25,16,7,4,8,43,21,4,13,23,4,5,8,5,0,0,0,3,3,42,7,14,<1,1,10,0
2022-08-21,39,38,11,14,33,26,7,7,18,7,3,23,26,13,1,13,14,7,8,6,2,19,10,0,3,23,3,18,11,68,4,1,0,10,1,7,12,10,7,10,0,10,16,4,35,2,0,0,0,0,2,0,0,26,10,2,0,48,42,29,4,12,0,4,2,8,4,0,5,0,2,3,32,7,20,1,2,10,3
2022-08-28,38,33,11,13,27,21,8,8,17,7,2,23,27,10,1,10,14,7,19,6,2,18,7,0,2,22,3,15,11,44,11,2,15,14,1,9,12,0,0,9,0,9,14,4,13,4,0,0,0,43,0,5,7,23,18,4,4,0,30,20,4,14,0,3,1,7,4,0,6,0,2,3,30,6,16,<1,2,9,2
2022-09-04,42,33,12,16,30,17,0,5,16,8,5,22,26,16,2,10,18,6,10,4,2,19,10,0,4,24,3,12,11,72,4,1,0,8,1,6,12,0,0,9,0,9,36,4,21,3,0,0,0,11,25,5,0,27,13,4,6,15,30,14,10,17,0,4,4,7,8,0,3,0,1,4,27,6,16,<1,1,8,3
2022-09-11,42,34,11,15,42,16,2,7,16,7,2,23,27,20,1,11,12,8,12,4,1,17,9,0,7,48,3,15,19,66,0,4,9,6,1,8,12,100,2,9,0,9,25,4,12,4,0,0,0,36,2,8,0,16,18,3,0,7,45,18,4,14,0,3,2,7,13,0,6,0,1,3,34,8,15,1,1,12,8
2022-09-18,45,35,13,23,34,12,7,7,16,7,3,24,35,20,1,16,11,8,0,4,2,18,9,0,4,27,3,11,14,29,2,7,0,11,1,32,12,16,0,10,0,8,13,3,6,4,0,0,21,39,6,5,0,27,16,5,3,28,30,12,2,14,11,4,2,7,13,0,0,0,3,5,34,23,13,1,1,9,0
2022-09-25,40,39,10,19,28,15,2,10,15,6,2,22,30,14,1,13,17,8,0,2,1,19,6,0,3,19,3,11,12,51,0,2,0,11,1,16,18,0,4,9,0,8,11,4,16,4,0,0,0,13,18,3,0,33,28,3,0,9,35,16,10,12,0,3,1,8,7,0,6,0,1,4,29,16,13,<1,2,9,4
2022-10-02,39,38,9,15,30,21,0,6,14,6,2,19,26,13,1,12,13,7,23,5,1,18,0,0,2,16,3,13,13,50,0,3,0,5,2,5,15,0,5,8,0,9,11,2,18,1,0,0,22,41,5,8,0,25,27,4,12,24,26,15,4,15,0,3,3,7,7,0,12,0,2,3,28,14,12,1,1,7,0
2022-10-09,42,63,10,16,30,13,0,8,14,5,3,18,26,12,1,15,13,9,17,5,1,16,5,0,2,14,3,12,11,59,5,1,0,30,<1,9,13,7,11,8,0,15,12,3,0,3,0,0,60,37,21,13,0,27,56,3,9,16,35,18,4,22,0,4,4,8,5,0,0,0,0,4,28,14,11,1,0,7,0
2022-10-16,37,72,9,16,99,15,8,7,14,6,3,17,23,9,1,13,9,5,0,5,1,18,4,0,1,14,3,11,11,23,9,4,0,27,1,7,12,0,3,7,0,10,10,3,14,3,0,0,0,41,14,7,11,14,82,4,0,12,44,16,4,14,0,2,2,8,6,0,7,0,1,2,27,11,12,<1,1,8,0
2022-10-23,54,41,10,16,71,19,0,6,14,5,2,18,22,10,1,12,13,7,0,2,4,18,12,0,2,18,3,13,12,30,0,3,0,12,0,8,13,13,0,8,10,9,10,4,22,5,0,0,0,0,7,4,0,26,31,4,0,23,33,11,14,20,0,4,2,9,3,0,0,0,1,4,25,12,14,<1,1,8,0
2022-10-30,49,40,10,19,58,18,3,6,16,7,3,19,20,15,2,19,19,12,0,5,8,20,5,0,2,17,1,18,11,12,2,0,0,17,<1,10,14,0,0,11,0,9,28,4,9,2,0,0,0,48,7,6,0,18,26,8,0,10,34,14,6,21,0,4,3,9,3,0,8,0,2,4,22,12,14,1,2,9,3
2022-11-06,50,40,11,20,71,26,6,8,17,9,2,35,32,13,2,22,9,9,0,8,4,19,6,0,1,26,100,18,14,32,0,1,0,23,2,7,17,0,5,12,0,11,16,3,21,3,0,0,0,39,4,8,0,25,25,6,0,24,32,13,14,18,0,5,1,9,4,0,0,0,2,2,30,14,13,1,0,8,0
2022-11-13,46,40,10,23,47,18,0,7,15,7,3,32,37,17,6,15,15,10,0,6,3,18,4,0,1,21,48,16,13,36,3,1,0,24,1,5,15,16,0,10,16,9,19,3,53,4,0,0,20,64,3,11,0,24,27,5,0,13,25,19,69,15,0,4,2,10,4,0,6,0,2,3,32,13,16,<1,3,9,0
2022-11-20,44,37,9,17,37,7,5,7,14,7,2,23,24,10,1,44,13,9,0,5,3,15,4,0,1,17,20,15,8,31,0,0,0,18,1,6,12,0,0,15,0,7,13,2,12,2,0,0,0,60,2,11,0,21,22,22,4,20,40,14,14,13,0,3,3,7,3,0,3,0,1,3,26,10,13,<1,3,10,0
2022-11-27,44,34,8,14,44,13,3,8,14,5,3,21,25,9,1,25,8,10,0,2,3,15,4,0,1,15,10,14,9,56,0,1,0,14,1,8,14,5,3,11,0,7,21,3,26,4,0,0,0,64,0,6,0,22,19,12,5,8,38,12,8,13,95,3,2,8,4,0,0,0,2,3,29,11,9,<1,1,7,4
2022-12-04,44,31,7,17,40,31,6,7,14,5,3,19,24,14,2,18,15,8,0,2,2,14,6,0,1,13,8,13,11,100,2,2,7,17,1,4,14,0,0,10,18,6,15,2,18,3,0,0,0,23,0,4,0,35,15,6,0,22,33,15,10,15,0,3,2,7,3,0,0,0,0,2,25,9,9,1,2,7,0
2022-12-11,40,36,8,18,41,16,0,6,14,7,4,21,25,8,1,19,20,9,8,13,2,15,0,0,1,14,11,17,11,38,2,2,0,9,1,6,11,0,3,9,0,7,11,3,7,4,0,0,0,35,2,7,0,33,13,7,3,15,40,13,8,13,0,3,2,8,3,0,0,0,1,3,27,11,13,<1,2,7,0
2022-12-18,39,34,8,16,36,8,6,5,12,5,2,19,23,11,1,19,9,9,0,6,2,15,0,0,1,14,7,13,8,52,0,1,0,0,2,4,10,6,0,9,0,7,6,2,0,5,0,0,0,20,7,5,16,23,15,11,8,0,18,13,6,11,0,3,1,7,4,0,5,0,2,3,26,9,13,1,1,7,0
2022-12-25,39,34,8,15,30,14,8,5,14,5,3,19,24,12,1,9,19,9,0,7,2,16,0,0,1,12,5,14,8,0,0,2,0,23,1,3,10,0,5,10,0,5,7,2,23,0,0,0,36,15,5,8,7,25,15,22,0,14,24,16,9,10,0,4,1,6,4,0,3,0,2,2,22,9,12,<1,2,7,7
2023-01-01,37,32,8,17,47,11,0,7,15,5,2,18,25,9,1,9,18,9,0,4,2,15,0,0,2,14,2,21,8,32,0,2,0,47,1,6,10,0,0,10,0,6,7,3,19,4,0,0,0,39,0,11,0,26,13,5,0,0,39,13,7,12,0,3,5,7,4,0,3,0,0,4,25,9,11,1,1,7,0
2023-01-08,39,31,12,16,43,16,2,5,16,6,5,22,26,14,1,13,13,10,0,2,2,17,3,0,1,16,7,16,11,23,0,1,0,12,1,4,11,12,8,11,0,7,10,3,21,4,0,0,0,38,0,0,0,21,18,5,0,6,36,15,7,12,19,3,2,8,4,0,0,0,0,2,25,11,12,<1,1,7,0
2023-01-15,44,31,10,14,41,19,10,7,16,7,4,25,30,15,1,15,19,8,0,6,2,19,6,0,1,20,7,16,13,25,0,3,0,15,1,4,12,8,8,12,12,9,8,3,13,3,0,0,0,44,6,7,9,30,22,8,7,10,33,18,25,15,0,4,1,8,3,0,5,0,2,5,27,11,13,1,2,7,0
2023-01-22,44,32,11,14,49,19,2,5,15,7,5,22,27,13,1,22,14,8,21,3,2,17,5,0,1,16,3,15,9,36,0,2,0,15,<1,3,11,0,0,11,0,6,8,3,13,5,0,0,16,42,7,3,0,25,17,11,0,0,29,11,10,18,19,3,1,8,1,0,5,0,1,5,25,11,12,<1,2,6,0
2023-01-29,46,31,11,14,35,5,0,5,16,6,3,22,29,10,1,15,14,10,18,6,2,18,0,0,1,15,4,14,13,66,0,0,0,11,0,7,11,0,6,13,25,7,18,4,28,4,0,0,0,41,9,8,0,25,23,10,0,16,41,12,4,16,0,3,1,9,3,0,2,0,2,4,28,10,14,1,2,6,0
2023-02-05,48,31,9,15,40,14,5,4,14,7,2,19,23,13,1,12,14,9,0,5,2,18,6,0,1,14,3,12,22,49,0,2,0,11,2,7,12,5,6,11,0,7,11,5,23,4,0,0,27,18,5,3,0,26,16,8,19,8,28,12,0,17,0,3,2,9,4,0,4,0,1,3,23,9,10,1,2,7,0
2023-02-12,49,31,9,12,37,23,5,3,14,7,2,20,22,17,1,12,9,10,7,3,2,17,5,0,1,15,2,15,16,21,0,0,14,11,1,9,11,0,3,10,11,4,14,4,7,1,0,0,27,36,2,3,0,20,15,5,6,11,32,13,0,19,12,4,1,10,4,0,6,0,1,4,23,9,11,1,3,6,2
2023-02-19,49,32,8,12,41,41,7,6,14,7,1,19,21,17,1,13,16,10,0,9,2,17,2,0,1,14,3,17,14,43,0,2,0,12,1,5,12,0,0,9,0,6,24,12,0,3,0,0,23,97,0,0,0,28,15,13,4,0,41,11,4,18,0,3,4,9,5,0,10,0,1,3,23,8,18,<1,11,6,3
2023-02-26,47,30,8,10,31,17,6,2,13,5,2,19,20,9,1,17,11,10,0,3,1,18,5,0,1,12,2,13,14,67,0,1,0,0,1,6,11,0,3,8,0,5,29,5,8,2,0,0,0,46,0,3,14,28,15,14,7,10,41,14,3,17,0,3,2,9,4,0,4,0,7,2,20,7,14,0,8,4,2
2023-03-05,51,31,7,12,26,14,0,3,13,5,2,19,21,11,1,16,14,10,0,2,1,19,3,0,1,12,2,13,11,46,0,1,0,79,1,6,10,18,0,9,0,5,32,4,23,4,0,0,0,24,0,7,0,30,12,7,4,0,25,16,3,16,0,2,3,8,3,0,4,0,1,2,22,10,10,1,4,6,0
2023-03-12,47,30,8,12,29,15,0,4,16,6,2,28,42,12,1,23,7,8,24,8,2,17,0,0,1,18,2,14,11,46,2,1,0,9,<1,5,12,21,8,10,0,5,22,4,19,5,0,0,0,27,0,6,11,25,12,11,0,10,40,19,6,17,0,3,4,9,3,0,4,0,3,2,26,12,10,0,2,7,0
2023-03-19,59,31,9,12,20,9,0,3,15,7,3,28,46,14,1,9,12,9,0,4,1,17,5,0,1,17,1,13,13,42,4,2,0,11,0,4,13,11,5,11,10,5,17,3,17,16,0,0,0,23,0,0,0,24,13,17,0,16,36,16,2,28,0,4,3,12,3,0,7,0,2,4,26,23,8,<1,3,7,0
2023-03-26,50,29,9,12,30,11,6,2,16,5,3,24,35,13,1,18,7,7,0,3,1,16,10,0,1,15,2,11,12,48,0,1,0,6,1,7,11,0,3,10,13,9,23,3,18,8,0,0,38,23,3,4,0,19,15,8,0,12,47,15,0,19,0,3,2,10,2,0,3,0,2,5,31,30,10,<1,2,7,0
2023-04-02,48,30,9,12,38,21,3,4,14,6,3,21,37,10,1,10,14,6,15,4,8,16,9,0,1,15,2,14,12,46,4,1,0,4,1,4,12,5,3,9,26,5,18,3,14,6,0,0,21,0,0,0,7,31,8,6,3,11,26,15,6,18,0,3,2,11,3,0,0,0,1,3,24,19,9,<1,2,6,0